comuna,region_id,region_nombre,total_ordenanzas,bcn_count,municipal_count,derechos_tarifas,aseo_residuos,comercio_publicidad,convivencia_ruidos,medio_ambiente,obras_espacio_publico,organizacion_participacion,transito_transporte,seguridad_prevencion,estado_catalogo,verificacion_sha256,exhaustividad
Alto Hospicio,01,Tarapacá,29,15,14,3,4,4,1,1,2,13,1,0,BCN + Municipal,Verificada (Capa Municipal),No acreditada
Camiña,01,Tarapacá,3,1,2,3,0,0,0,0,0,0,0,0,BCN + Municipal,Verificada (Capa Municipal),No acreditada
Colchane,01,Tarapacá,4,4,0,0,2,0,0,0,1,0,1,0,Cargado BCN,No aplica (Capa BCN),No acreditada
Huara,01,Tarapacá,11,1,10,3,0,0,0,1,0,5,1,1,BCN + Municipal,Verificada (Capa Municipal),No acreditada
Iquique,01,Tarapacá,85,72,13,16,2,13,0,2,1,42,8,1,BCN + Municipal,Verificada (Capa Municipal),No acreditada
Pica,01,Tarapacá,5,5,0,4,0,0,0,0,0,1,0,0,Cargado BCN,No aplica (Capa BCN),No acreditada
Pozo Almonte,01,Tarapacá,7,7,0,3,0,0,0,0,0,3,1,0,Cargado BCN,No aplica (Capa BCN),No acreditada
Antofagasta,02,Antofagasta,55,45,10,9,4,11,0,1,7,20,1,2,BCN + Municipal,Verificada (Capa Municipal),No acreditada
Calama,02,Antofagasta,45,39,6,17,1,4,0,1,4,16,2,0,BCN + Municipal,Verificada (Capa Municipal),No acreditada
María Elena,02,Antofagasta,16,11,5,6,1,1,1,0,0,7,0,0,BCN + Municipal,Verificada (Capa Municipal),No acreditada
Mejillones,02,Antofagasta,15,14,1,4,0,0,0,3,3,5,0,0,BCN + Municipal,Verificada (Capa Municipal),No acreditada
Ollagüe,02,Antofagasta,21,9,12,2,2,2,0,0,0,15,0,0,BCN + Municipal,Verificada (Capa Municipal),No acreditada
San Pedro de Atacama,02,Antofagasta,37,36,1,16,1,8,0,1,0,8,3,0,BCN + Municipal,Verificada (Capa Municipal),No acreditada
Sierra Gorda,02,Antofagasta,12,12,0,3,0,1,0,0,0,8,0,0,Cargado BCN,No aplica (Capa BCN),No acreditada
Taltal,02,Antofagasta,7,6,1,3,0,2,1,0,0,1,0,0,BCN + Municipal,Verificada (Capa Municipal),No acreditada
Tocopilla,02,Antofagasta,15,15,0,7,1,2,1,0,0,4,0,0,Cargado BCN,No aplica (Capa BCN),No acreditada
Alto del Carmen,03,Atacama,12,6,6,3,1,0,0,1,0,6,1,0,BCN + Municipal,Verificada (Capa Municipal),No acreditada
Caldera,03,Atacama,20,20,0,5,2,1,0,1,4,7,0,0,Cargado BCN,No aplica (Capa BCN),No acreditada
Chañaral,03,Atacama,6,5,1,3,0,1,0,0,0,2,0,0,BCN + Municipal,Verificada (Capa Municipal),No acreditada
Copiapó,03,Atacama,17,16,1,9,0,1,0,0,3,4,0,0,BCN + Municipal,Verificada (Capa Municipal),No acreditada
Diego de Almagro,03,Atacama,14,13,1,6,1,4,1,0,0,2,0,0,BCN + Municipal,Verificada (Capa Municipal),No acreditada
Freirina,03,Atacama,5,2,3,3,0,0,0,0,2,0,0,0,BCN + Municipal,Verificada (Capa Municipal),No acreditada
Huasco,03,Atacama,16,13,3,3,5,1,0,3,0,4,0,0,BCN + Municipal,Verificada (Capa Municipal),No acreditada
Tierra Amarilla,03,Atacama,7,7,0,3,1,0,1,1,0,1,0,0,Cargado BCN,No aplica (Capa BCN),No acreditada
Vallenar,03,Atacama,52,51,1,24,1,3,0,3,2,19,0,0,BCN + Municipal,Verificada (Capa Municipal),No acreditada
Andacollo,04,Coquimbo,6,6,0,1,0,0,1,0,1,2,1,0,Cargado BCN,No aplica (Capa BCN),No acreditada
Canela,04,Coquimbo,9,8,1,3,0,1,0,1,0,1,3,0,BCN + Municipal,Verificada (Capa Municipal),No acreditada
Combarbalá,04,Coquimbo,8,8,0,4,0,0,0,0,0,3,1,0,Cargado BCN,No aplica (Capa BCN),No acreditada
Coquimbo,04,Coquimbo,15,14,1,3,0,4,0,1,2,2,3,0,BCN + Municipal,Verificada (Capa Municipal),No acreditada
Illapel,04,Coquimbo,25,23,2,14,0,2,0,1,0,7,1,0,BCN + Municipal,Verificada (Capa Municipal),No acreditada
La Higuera,04,Coquimbo,7,2,5,2,1,0,0,0,0,4,0,0,BCN + Municipal,Verificada (Capa Municipal),No acreditada
La Serena,04,Coquimbo,72,72,0,17,0,14,2,3,7,27,2,0,Cargado BCN,No aplica (Capa BCN),No acreditada
Los Vilos,04,Coquimbo,11,10,1,3,0,1,0,0,0,5,2,0,BCN + Municipal,Verificada (Capa Municipal),No acreditada
Monte Patria,04,Coquimbo,13,13,0,4,1,4,0,0,0,4,0,0,Cargado BCN,No aplica (Capa BCN),No acreditada
Ovalle,04,Coquimbo,60,59,1,23,4,5,1,3,0,12,11,1,BCN + Municipal,Verificada (Capa Municipal),No acreditada
Paiguano,04,Coquimbo,3,1,2,1,0,0,0,0,0,2,0,0,BCN + Municipal,Verificada (Capa Municipal),No acreditada
Punitaqui,04,Coquimbo,4,2,2,1,1,0,0,1,0,1,0,0,BCN + Municipal,Verificada (Capa Municipal),No acreditada
Río Hurtado,04,Coquimbo,25,11,14,11,1,0,0,0,0,13,0,0,BCN + Municipal,Verificada (Capa Municipal),No acreditada
Salamanca,04,Coquimbo,15,15,0,0,3,0,0,0,0,10,2,0,Cargado BCN,No aplica (Capa BCN),No acreditada
Vicuña,04,Coquimbo,15,14,1,0,0,2,1,0,0,12,0,0,BCN + Municipal,Verificada (Capa Municipal),No acreditada
Algarrobo,05,Valparaíso,18,17,1,9,1,1,3,0,1,2,1,0,BCN + Municipal,Verificada (Capa Municipal),No acreditada
Cabildo,05,Valparaíso,30,7,23,6,1,3,0,2,0,12,5,1,BCN + Municipal,Verificada (Capa Municipal),No acreditada
Calera,05,Valparaíso,33,30,3,11,2,5,1,1,2,5,6,0,BCN + Municipal,Verificada (Capa Municipal),No acreditada
Calle Larga,05,Valparaíso,9,8,1,5,0,0,0,1,1,2,0,0,BCN + Municipal,Verificada (Capa Municipal),No acreditada
Cartagena,05,Valparaíso,11,11,0,8,0,0,0,0,1,2,0,0,Cargado BCN,No aplica (Capa BCN),No acreditada
Casablanca,05,Valparaíso,6,3,3,3,0,0,0,1,0,2,0,0,BCN + Municipal,Verificada (Capa Municipal),No acreditada
Catemu,05,Valparaíso,19,16,3,5,1,2,1,1,0,9,0,0,BCN + Municipal,Verificada (Capa Municipal),No acreditada
Concón,05,Valparaíso,11,4,7,0,2,2,0,2,3,2,0,0,BCN + Municipal,Verificada (Capa Municipal),No acreditada
El Quisco,05,Valparaíso,52,13,39,8,1,6,0,1,0,36,0,0,BCN + Municipal,Verificada (Capa Municipal),No acreditada
El Tabo,05,Valparaíso,5,5,0,2,0,1,0,0,0,2,0,0,Cargado BCN,No aplica (Capa BCN),No acreditada
Hijuelas,05,Valparaíso,17,6,11,5,1,3,0,1,0,7,0,0,BCN + Municipal,Verificada (Capa Municipal),No acreditada
Isla de Pascua,05,Valparaíso,14,14,0,1,1,4,0,2,0,5,1,0,Cargado BCN,No aplica (Capa BCN),No acreditada
Juan Fernández,05,Valparaíso,4,4,0,1,0,0,0,0,0,3,0,0,Cargado BCN,No aplica (Capa BCN),No acreditada
La Cruz,05,Valparaíso,35,22,13,14,3,1,0,2,1,13,1,0,BCN + Municipal,Verificada (Capa Municipal),No acreditada
La Ligua,05,Valparaíso,10,10,0,6,0,0,1,0,1,2,0,0,Cargado BCN,No aplica (Capa BCN),No acreditada
Limache,05,Valparaíso,14,10,4,4,2,0,0,0,1,5,2,0,BCN + Municipal,Verificada (Capa Municipal),No acreditada
Llaillay,05,Valparaíso,16,15,1,12,0,1,0,0,0,3,0,0,BCN + Municipal,Verificada (Capa Municipal),No acreditada
Los Andes,05,Valparaíso,42,41,1,13,0,4,0,1,1,18,5,0,BCN + Municipal,Verificada (Capa Municipal),No acreditada
Nogales,05,Valparaíso,13,13,0,4,0,0,2,2,0,5,0,0,Cargado BCN,No aplica (Capa BCN),No acreditada
Olmué,05,Valparaíso,11,10,1,9,0,0,0,0,2,0,0,0,BCN + Municipal,Verificada (Capa Municipal),No acreditada
Panquehue,05,Valparaíso,24,24,0,9,5,2,0,1,0,6,1,0,Cargado BCN,No aplica (Capa BCN),No acreditada
Papudo,05,Valparaíso,8,7,1,3,2,1,0,0,1,1,0,0,BCN + Municipal,Verificada (Capa Municipal),No acreditada
Petorca,05,Valparaíso,18,16,2,11,0,3,0,1,0,3,0,0,BCN + Municipal,Verificada (Capa Municipal),No acreditada
Puchuncaví,05,Valparaíso,23,6,17,3,16,1,0,1,1,1,0,0,BCN + Municipal,Verificada (Capa Municipal),No acreditada
Putaendo,05,Valparaíso,14,11,3,8,0,1,0,0,0,4,0,1,BCN + Municipal,Verificada (Capa Municipal),No acreditada
Quillota,05,Valparaíso,43,28,15,14,4,2,1,1,2,12,7,0,BCN + Municipal,Verificada (Capa Municipal),No acreditada
Quilpué,05,Valparaíso,39,39,0,14,1,2,0,0,1,20,1,0,Cargado BCN,No aplica (Capa BCN),No acreditada
Quintero,05,Valparaíso,16,12,4,2,0,3,1,0,1,9,0,0,BCN + Municipal,Verificada (Capa Municipal),No acreditada
Rinconada,05,Valparaíso,7,6,1,5,0,0,0,1,0,1,0,0,BCN + Municipal,Verificada (Capa Municipal),No acreditada
San Antonio,05,Valparaíso,20,19,1,7,1,1,0,0,0,8,3,0,BCN + Municipal,Verificada (Capa Municipal),No acreditada
San Esteban,05,Valparaíso,11,10,1,6,1,0,0,0,1,3,0,0,BCN + Municipal,Verificada (Capa Municipal),No acreditada
San Felipe,05,Valparaíso,46,45,1,23,3,5,1,0,4,7,3,0,BCN + Municipal,Verificada (Capa Municipal),No acreditada
Santa María,05,Valparaíso,20,20,0,4,1,1,0,0,0,13,1,0,Cargado BCN,No aplica (Capa BCN),No acreditada
Santo Domingo,05,Valparaíso,25,10,15,4,3,2,0,1,4,10,1,0,BCN + Municipal,Verificada (Capa Municipal),No acreditada
Valparaíso,05,Valparaíso,29,26,3,20,1,3,0,0,1,3,1,0,BCN + Municipal,Verificada (Capa Municipal),No acreditada
Villa Alemana,05,Valparaíso,62,58,4,28,4,5,0,3,3,19,0,0,BCN + Municipal,Verificada (Capa Municipal),No acreditada
Viña del Mar,05,Valparaíso,49,29,20,16,4,11,0,1,6,9,2,0,BCN + Municipal,Verificada (Capa Municipal),No acreditada
Zapallar,05,Valparaíso,37,23,14,14,2,6,1,2,0,10,1,1,BCN + Municipal,Verificada (Capa Municipal),No acreditada
Chimbarongo,06,O Higgins,46,23,23,17,1,3,3,2,0,17,3,0,BCN + Municipal,Verificada (Capa Municipal),No acreditada
Chépica,06,O Higgins,8,8,0,5,0,0,0,0,0,3,0,0,Cargado BCN,No aplica (Capa BCN),No acreditada
Codegua,06,O Higgins,8,8,0,5,0,0,0,0,1,2,0,0,Cargado BCN,No aplica (Capa BCN),No acreditada
Coinco,06,O Higgins,13,12,1,8,0,2,0,1,1,1,0,0,BCN + Municipal,Verificada (Capa Municipal),No acreditada
Coltauco,06,O Higgins,9,7,2,4,0,0,0,0,0,5,0,0,BCN + Municipal,Verificada (Capa Municipal),No acreditada
Doñihue,06,O Higgins,17,16,1,13,0,1,0,1,0,2,0,0,BCN + Municipal,Verificada (Capa Municipal),No acreditada
Graneros,06,O Higgins,12,11,1,6,0,1,0,0,2,2,1,0,BCN + Municipal,Verificada (Capa Municipal),No acreditada
La Estrella,06,O Higgins,16,10,6,9,1,1,0,1,1,3,0,0,BCN + Municipal,Verificada (Capa Municipal),No acreditada
Las Cabras,06,O Higgins,38,27,11,22,3,0,0,0,2,11,0,0,BCN + Municipal,Verificada (Capa Municipal),No acreditada
Litueche,06,O Higgins,18,16,2,15,2,0,0,0,0,1,0,0,BCN + Municipal,Verificada (Capa Municipal),No acreditada
Lolol,06,O Higgins,11,9,2,7,2,0,0,1,0,1,0,0,BCN + Municipal,Verificada (Capa Municipal),No acreditada
Machalí,06,O Higgins,41,40,1,24,1,0,1,0,4,11,0,0,BCN + Municipal,Verificada (Capa Municipal),No acreditada
Malloa,06,O Higgins,22,14,8,12,0,1,0,2,0,7,0,0,BCN + Municipal,Verificada (Capa Municipal),No acreditada
Marchihue,06,O Higgins,28,0,28,0,0,0,0,0,0,28,0,0,Municipal verificada,Verificada (Capa Municipal),No acreditada
Mostazal,06,O Higgins,15,14,1,4,0,0,0,0,3,8,0,0,BCN + Municipal,Verificada (Capa Municipal),No acreditada
Nancagua,06,O Higgins,12,11,1,7,0,1,0,0,0,4,0,0,BCN + Municipal,Verificada (Capa Municipal),No acreditada
Navidad,06,O Higgins,37,22,15,18,2,4,0,2,1,10,0,0,BCN + Municipal,Verificada (Capa Municipal),No acreditada
Olivar,06,O Higgins,11,10,1,9,0,0,0,0,1,1,0,0,BCN + Municipal,Verificada (Capa Municipal),No acreditada
Palmilla,06,O Higgins,12,8,4,3,1,0,0,0,0,7,0,1,BCN + Municipal,Verificada (Capa Municipal),No acreditada
Paredones,06,O Higgins,31,7,24,3,1,0,0,0,1,26,0,0,BCN + Municipal,Verificada (Capa Municipal),No acreditada
Peralillo,06,O Higgins,7,6,1,2,2,1,0,0,0,2,0,0,BCN + Municipal,Verificada (Capa Municipal),No acreditada
Peumo,06,O Higgins,6,5,1,4,0,0,0,0,0,2,0,0,BCN + Municipal,Verificada (Capa Municipal),No acreditada
Pichidegua,06,O Higgins,11,10,1,4,0,0,0,0,0,7,0,0,BCN + Municipal,Verificada (Capa Municipal),No acreditada
Pichilemu,06,O Higgins,16,15,1,5,0,2,0,1,2,6,0,0,BCN + Municipal,Verificada (Capa Municipal),No acreditada
Placilla,06,O Higgins,12,10,2,9,0,0,0,0,0,3,0,0,BCN + Municipal,Verificada (Capa Municipal),No acreditada
Pumanque,06,O Higgins,2,1,1,2,0,0,0,0,0,0,0,0,BCN + Municipal,Verificada (Capa Municipal),No acreditada
Quinta de Tilcoco,06,O Higgins,9,8,1,5,1,0,0,0,0,3,0,0,BCN + Municipal,Verificada (Capa Municipal),No acreditada
Rancagua,06,O Higgins,96,95,1,35,7,19,8,2,5,17,3,0,BCN + Municipal,Verificada (Capa Municipal),No acreditada
Rengo,06,O Higgins,32,29,3,16,4,4,0,0,1,5,1,1,BCN + Municipal,Verificada (Capa Municipal),No acreditada
Requínoa,06,O Higgins,26,11,15,9,0,0,0,0,1,16,0,0,BCN + Municipal,Verificada (Capa Municipal),No acreditada
San Fernando,06,O Higgins,34,34,0,13,3,3,1,0,1,9,4,0,Cargado BCN,No aplica (Capa BCN),No acreditada
San Vicente,06,O Higgins,18,18,0,11,1,0,1,0,0,4,1,0,Cargado BCN,No aplica (Capa BCN),No acreditada
Santa Cruz,06,O Higgins,13,13,0,6,0,1,0,1,0,5,0,0,Cargado BCN,No aplica (Capa BCN),No acreditada
Cauquenes,07,Maule,16,14,2,8,1,0,0,1,1,4,1,0,BCN + Municipal,Verificada (Capa Municipal),No acreditada
Chanco,07,Maule,9,8,1,8,0,0,0,0,0,1,0,0,BCN + Municipal,Verificada (Capa Municipal),No acreditada
Colbún,07,Maule,21,6,15,2,0,0,0,2,1,16,0,0,BCN + Municipal,Verificada (Capa Municipal),No acreditada
Constitución,07,Maule,15,14,1,5,0,2,1,1,0,6,0,0,BCN + Municipal,Verificada (Capa Municipal),No acreditada
Curepto,07,Maule,8,8,0,6,1,0,0,0,0,1,0,0,Cargado BCN,No aplica (Capa BCN),No acreditada
Curicó,07,Maule,22,22,0,15,0,0,0,0,1,4,2,0,Cargado BCN,No aplica (Capa BCN),No acreditada
Empedrado,07,Maule,12,3,9,1,1,1,0,1,0,8,0,0,BCN + Municipal,Verificada (Capa Municipal),No acreditada
Hualañé,07,Maule,35,13,22,8,0,1,0,0,0,26,0,0,BCN + Municipal,Verificada (Capa Municipal),No acreditada
Licantén,07,Maule,15,15,0,12,0,1,0,0,0,2,0,0,Cargado BCN,No aplica (Capa BCN),No acreditada
Linares,07,Maule,26,21,5,13,0,4,0,0,0,8,1,0,BCN + Municipal,Verificada (Capa Municipal),No acreditada
Longaví,07,Maule,6,5,1,3,0,0,1,0,0,2,0,0,BCN + Municipal,Verificada (Capa Municipal),No acreditada
Maule,07,Maule,6,4,2,4,0,0,0,0,2,0,0,0,BCN + Municipal,Verificada (Capa Municipal),No acreditada
Molina,07,Maule,17,16,1,7,0,1,1,0,0,8,0,0,BCN + Municipal,Verificada (Capa Municipal),No acreditada
Parral,07,Maule,24,18,6,15,0,1,0,0,0,8,0,0,BCN + Municipal,Verificada (Capa Municipal),No acreditada
Pelarco,07,Maule,14,14,0,6,0,1,0,2,0,5,0,0,Cargado BCN,No aplica (Capa BCN),No acreditada
Pelluhue,07,Maule,5,3,2,2,1,0,0,0,1,0,0,1,BCN + Municipal,Verificada (Capa Municipal),No acreditada
Pencahue,07,Maule,3,0,3,0,0,0,0,0,2,1,0,0,Municipal verificada,Verificada (Capa Municipal),No acreditada
Rauco,07,Maule,7,7,0,5,0,0,0,0,0,2,0,0,Cargado BCN,No aplica (Capa BCN),No acreditada
Retiro,07,Maule,17,9,8,8,2,3,0,1,0,3,0,0,BCN + Municipal,Verificada (Capa Municipal),No acreditada
Romeral,07,Maule,29,13,16,5,1,1,0,1,3,18,0,0,BCN + Municipal,Verificada (Capa Municipal),No acreditada
Río Claro,07,Maule,17,15,2,9,1,1,0,2,0,4,0,0,BCN + Municipal,Verificada (Capa Municipal),No acreditada
Sagrada Familia,07,Maule,13,12,1,10,0,0,0,0,0,3,0,0,BCN + Municipal,Verificada (Capa Municipal),No acreditada
San Clemente,07,Maule,20,7,13,11,1,1,0,0,1,6,0,0,BCN + Municipal,Verificada (Capa Municipal),No acreditada
San Javier,07,Maule,10,7,3,4,1,0,0,0,0,5,0,0,BCN + Municipal,Verificada (Capa Municipal),No acreditada
San Rafael,07,Maule,5,2,3,0,0,3,0,0,0,2,0,0,BCN + Municipal,Verificada (Capa Municipal),No acreditada
Talca,07,Maule,19,18,1,7,1,1,1,0,2,7,0,0,BCN + Municipal,Verificada (Capa Municipal),No acreditada
Teno,07,Maule,8,8,0,5,0,0,0,0,0,3,0,0,Cargado BCN,No aplica (Capa BCN),No acreditada
Vichuquén,07,Maule,8,7,1,5,1,0,0,1,0,1,0,0,BCN + Municipal,Verificada (Capa Municipal),No acreditada
Villa Alegre,07,Maule,4,3,1,3,0,0,0,0,0,1,0,0,BCN + Municipal,Verificada (Capa Municipal),No acreditada
Yerbas Buenas,07,Maule,7,7,0,4,0,1,0,0,0,2,0,0,Cargado BCN,No aplica (Capa BCN),No acreditada
Alto Biobío,08,Biobío,8,0,8,3,0,0,0,2,0,3,0,0,Municipal verificada,Verificada (Capa Municipal),No acreditada
Antuco,08,Biobío,6,4,2,5,0,0,0,1,0,0,0,0,BCN + Municipal,Verificada (Capa Municipal),No acreditada
Arauco,08,Biobío,34,33,1,12,2,5,3,2,1,7,2,0,BCN + Municipal,Verificada (Capa Municipal),No acreditada
Cabrero,08,Biobío,10,9,1,5,0,1,0,0,0,3,0,1,BCN + Municipal,Verificada (Capa Municipal),No acreditada
Cañete,08,Biobío,7,6,1,2,0,0,0,1,0,4,0,0,BCN + Municipal,Verificada (Capa Municipal),No acreditada
Chiguayante,08,Biobío,5,3,2,0,0,1,1,0,3,0,0,0,BCN + Municipal,Verificada (Capa Municipal),No acreditada
Concepción,08,Biobío,67,59,8,24,0,12,4,0,7,11,9,0,BCN + Municipal,Verificada (Capa Municipal),No acreditada
Contulmo,08,Biobío,8,7,1,4,1,0,0,0,0,3,0,0,BCN + Municipal,Verificada (Capa Municipal),No acreditada
Coronel,08,Biobío,31,29,2,16,1,2,0,0,3,9,0,0,BCN + Municipal,Verificada (Capa Municipal),No acreditada
Curanilahue,08,Biobío,23,23,0,9,1,3,0,0,0,8,2,0,Cargado BCN,No aplica (Capa BCN),No acreditada
Florida,08,Biobío,14,12,2,6,0,3,0,0,0,5,0,0,BCN + Municipal,Verificada (Capa Municipal),No acreditada
Hualpén,08,Biobío,37,0,37,4,4,4,0,1,5,19,0,0,Municipal verificada,Verificada (Capa Municipal),No acreditada
Hualqui,08,Biobío,16,15,1,13,0,0,0,1,0,2,0,0,BCN + Municipal,Verificada (Capa Municipal),No acreditada
Laja,08,Biobío,14,13,1,7,0,1,0,1,0,5,0,0,BCN + Municipal,Verificada (Capa Municipal),No acreditada
Lebu,08,Biobío,6,5,1,6,0,0,0,0,0,0,0,0,BCN + Municipal,Verificada (Capa Municipal),No acreditada
Los Álamos,08,Biobío,13,13,0,3,0,3,1,0,1,3,2,0,Cargado BCN,No aplica (Capa BCN),No acreditada
Los Ángeles,08,Biobío,19,18,1,3,0,0,1,3,2,9,1,0,BCN + Municipal,Verificada (Capa Municipal),No acreditada
Lota,08,Biobío,39,38,1,21,1,7,0,1,3,6,0,0,BCN + Municipal,Verificada (Capa Municipal),No acreditada
Mulchén,08,Biobío,21,19,2,11,1,2,0,2,0,5,0,0,BCN + Municipal,Verificada (Capa Municipal),No acreditada
Nacimiento,08,Biobío,9,8,1,4,1,1,0,0,0,3,0,0,BCN + Municipal,Verificada (Capa Municipal),No acreditada
Negrete,08,Biobío,11,10,1,5,0,1,0,1,1,3,0,0,BCN + Municipal,Verificada (Capa Municipal),No acreditada
Penco,08,Biobío,6,5,1,5,0,0,0,1,0,0,0,0,BCN + Municipal,Verificada (Capa Municipal),No acreditada
Quilaco,08,Biobío,4,4,0,3,0,0,0,0,0,1,0,0,Cargado BCN,No aplica (Capa BCN),No acreditada
Quilleco,08,Biobío,5,3,2,4,0,0,0,0,0,1,0,0,BCN + Municipal,Verificada (Capa Municipal),No acreditada
San Pedro de la Paz,08,Biobío,6,5,1,0,1,0,0,1,1,2,0,1,BCN + Municipal,Verificada (Capa Municipal),No acreditada
San Rosendo,08,Biobío,4,3,1,2,1,0,0,0,0,1,0,0,BCN + Municipal,Verificada (Capa Municipal),No acreditada
Santa Bárbara,08,Biobío,8,8,0,6,0,1,0,0,0,1,0,0,Cargado BCN,No aplica (Capa BCN),No acreditada
Santa Juana,08,Biobío,6,5,1,2,0,0,1,0,1,2,0,0,BCN + Municipal,Verificada (Capa Municipal),No acreditada
Talcahuano,08,Biobío,28,26,2,12,1,5,0,0,0,4,5,1,BCN + Municipal,Verificada (Capa Municipal),No acreditada
Tirúa,08,Biobío,4,4,0,3,0,0,0,0,0,1,0,0,Cargado BCN,No aplica (Capa BCN),No acreditada
Tomé,08,Biobío,14,11,3,3,1,2,0,1,1,6,0,0,BCN + Municipal,Verificada (Capa Municipal),No acreditada
Tucapel,08,Biobío,21,20,1,5,2,0,0,0,0,14,0,0,BCN + Municipal,Verificada (Capa Municipal),No acreditada
Yumbel,08,Biobío,9,9,0,3,0,0,0,0,1,4,1,0,Cargado BCN,No aplica (Capa BCN),No acreditada
Angol,09,La Araucanía,12,11,1,3,0,4,0,0,1,4,0,0,BCN + Municipal,Verificada (Capa Municipal),No acreditada
Carahue,09,La Araucanía,13,9,4,7,0,0,0,1,0,4,0,1,BCN + Municipal,Verificada (Capa Municipal),No acreditada
Cholchol,09,La Araucanía,2,0,2,0,2,0,0,0,0,0,0,0,Municipal verificada,Verificada (Capa Municipal),No acreditada
Collipulli,09,La Araucanía,19,13,6,6,0,1,0,1,0,11,0,0,BCN + Municipal,Verificada (Capa Municipal),No acreditada
Cunco,09,La Araucanía,5,3,2,5,0,0,0,0,0,0,0,0,BCN + Municipal,Verificada (Capa Municipal),No acreditada
Curacautín,09,La Araucanía,9,8,1,9,0,0,0,0,0,0,0,0,BCN + Municipal,Verificada (Capa Municipal),No acreditada
Curarrehue,09,La Araucanía,32,8,24,2,2,4,0,1,0,22,1,0,BCN + Municipal,Verificada (Capa Municipal),No acreditada
Ercilla,09,La Araucanía,13,11,2,10,0,0,0,0,0,3,0,0,BCN + Municipal,Verificada (Capa Municipal),No acreditada
Freire,09,La Araucanía,10,10,0,4,0,1,0,1,0,4,0,0,Cargado BCN,No aplica (Capa BCN),No acreditada
Galvarino,09,La Araucanía,17,17,0,15,0,0,0,0,0,2,0,0,Cargado BCN,No aplica (Capa BCN),No acreditada
Gorbea,09,La Araucanía,28,28,0,17,2,0,0,0,0,9,0,0,Cargado BCN,No aplica (Capa BCN),No acreditada
Lautaro,09,La Araucanía,32,22,10,17,2,5,0,0,1,4,3,0,BCN + Municipal,Verificada (Capa Municipal),No acreditada
Loncoche,09,La Araucanía,12,10,2,10,0,0,0,0,0,2,0,0,BCN + Municipal,Verificada (Capa Municipal),No acreditada
Lonquimay,09,La Araucanía,10,10,0,7,0,0,1,0,0,1,1,0,Cargado BCN,No aplica (Capa BCN),No acreditada
Los Sauces,09,La Araucanía,13,12,1,8,0,2,0,0,0,3,0,0,BCN + Municipal,Verificada (Capa Municipal),No acreditada
Lumaco,09,La Araucanía,13,13,0,10,0,0,0,0,0,3,0,0,Cargado BCN,No aplica (Capa BCN),No acreditada
Melipeuco,09,La Araucanía,10,8,2,6,0,1,0,0,0,3,0,0,BCN + Municipal,Verificada (Capa Municipal),No acreditada
Nueva Imperial,09,La Araucanía,3,1,2,3,0,0,0,0,0,0,0,0,BCN + Municipal,Verificada (Capa Municipal),No acreditada
Padre Las Casas,09,La Araucanía,8,8,0,0,1,3,0,0,0,4,0,0,Cargado BCN,No aplica (Capa BCN),No acreditada
Perquenco,09,La Araucanía,28,8,20,10,0,2,0,1,0,15,0,0,BCN + Municipal,Verificada (Capa Municipal),No acreditada
Pitrufquén,09,La Araucanía,9,8,1,7,0,0,0,1,0,1,0,0,BCN + Municipal,Verificada (Capa Municipal),No acreditada
Pucón,09,La Araucanía,10,9,1,4,1,1,0,0,0,3,1,0,BCN + Municipal,Verificada (Capa Municipal),No acreditada
Purén,09,La Araucanía,9,8,1,5,0,1,0,0,1,1,1,0,BCN + Municipal,Verificada (Capa Municipal),No acreditada
Renaico,09,La Araucanía,8,8,0,8,0,0,0,0,0,0,0,0,Cargado BCN,No aplica (Capa BCN),No acreditada
Saavedra,09,La Araucanía,10,5,5,1,2,0,0,1,0,6,0,0,BCN + Municipal,Verificada (Capa Municipal),No acreditada
Temuco,09,La Araucanía,107,23,84,9,2,3,2,1,2,85,2,1,BCN + Municipal,Verificada (Capa Municipal),No acreditada
Teodoro Schmidt,09,La Araucanía,15,15,0,8,1,0,0,0,0,6,0,0,Cargado BCN,No aplica (Capa BCN),No acreditada
Toltén,09,La Araucanía,9,8,1,5,0,0,0,0,0,4,0,0,BCN + Municipal,Verificada (Capa Municipal),No acreditada
Traiguén,09,La Araucanía,29,29,0,13,0,0,0,2,0,12,2,0,Cargado BCN,No aplica (Capa BCN),No acreditada
Victoria,09,La Araucanía,7,7,0,3,0,0,0,0,0,2,2,0,Cargado BCN,No aplica (Capa BCN),No acreditada
Vilcún,09,La Araucanía,9,8,1,5,1,0,0,0,0,3,0,0,BCN + Municipal,Verificada (Capa Municipal),No acreditada
Villarrica,09,La Araucanía,16,8,8,3,0,0,0,0,0,13,0,0,BCN + Municipal,Verificada (Capa Municipal),No acreditada
Ancud,10,Los Lagos,10,9,1,2,0,0,0,2,0,6,0,0,BCN + Municipal,Verificada (Capa Municipal),No acreditada
Calbuco,10,Los Lagos,76,16,60,4,4,3,1,1,0,61,2,0,BCN + Municipal,Verificada (Capa Municipal),No acreditada
Castro,10,Los Lagos,9,9,0,3,2,2,0,0,1,1,0,0,Cargado BCN,No aplica (Capa BCN),No acreditada
Chaitén,10,Los Lagos,3,1,2,1,1,0,0,0,0,1,0,0,BCN + Municipal,Verificada (Capa Municipal),No acreditada
Chonchi,10,Los Lagos,21,6,15,4,1,2,0,1,0,13,0,0,BCN + Municipal,Verificada (Capa Municipal),No acreditada
Cochamó,10,Los Lagos,7,7,0,1,2,0,0,0,0,3,1,0,Cargado BCN,No aplica (Capa BCN),No acreditada
Curaco de Vélez,10,Los Lagos,14,14,0,6,0,1,0,1,0,6,0,0,Cargado BCN,No aplica (Capa BCN),No acreditada
Dalcahue,10,Los Lagos,43,2,41,3,2,7,0,0,0,31,0,0,BCN + Municipal,Verificada (Capa Municipal),No acreditada
Fresia,10,Los Lagos,11,10,1,5,0,2,1,0,0,2,1,0,BCN + Municipal,Verificada (Capa Municipal),No acreditada
Frutillar,10,Los Lagos,7,5,2,1,0,0,0,2,1,3,0,0,BCN + Municipal,Verificada (Capa Municipal),No acreditada
Futaleufú,10,Los Lagos,6,3,3,2,1,1,0,0,0,1,1,0,BCN + Municipal,Verificada (Capa Municipal),No acreditada
Hualaihué,10,Los Lagos,12,8,4,2,1,3,0,0,0,4,2,0,BCN + Municipal,Verificada (Capa Municipal),No acreditada
Llanquihue,10,Los Lagos,13,11,2,10,1,0,0,1,0,1,0,0,BCN + Municipal,Verificada (Capa Municipal),No acreditada
Los Muermos,10,Los Lagos,7,7,0,3,0,0,0,0,0,4,0,0,Cargado BCN,No aplica (Capa BCN),No acreditada
Maullín,10,Los Lagos,21,14,7,6,2,1,0,0,1,11,0,0,BCN + Municipal,Verificada (Capa Municipal),No acreditada
Osorno,10,Los Lagos,44,43,1,21,1,8,0,1,1,9,3,0,BCN + Municipal,Verificada (Capa Municipal),No acreditada
Palena,10,Los Lagos,6,3,3,3,1,0,0,1,0,1,0,0,BCN + Municipal,Verificada (Capa Municipal),No acreditada
Puerto Montt,10,Los Lagos,32,28,4,11,1,3,0,1,0,12,4,0,BCN + Municipal,Verificada (Capa Municipal),No acreditada
Puerto Octay,10,Los Lagos,4,3,1,1,2,0,0,0,0,1,0,0,BCN + Municipal,Verificada (Capa Municipal),No acreditada
Puerto Varas,10,Los Lagos,7,6,1,2,0,1,0,1,0,3,0,0,BCN + Municipal,Verificada (Capa Municipal),No acreditada
Puqueldón,10,Los Lagos,4,1,3,1,1,0,0,0,0,2,0,0,BCN + Municipal,Verificada (Capa Municipal),No acreditada
Purranque,10,Los Lagos,15,11,4,5,2,1,0,0,1,6,0,0,BCN + Municipal,Verificada (Capa Municipal),No acreditada
Puyehue,10,Los Lagos,4,3,1,3,0,1,0,0,0,0,0,0,BCN + Municipal,Verificada (Capa Municipal),No acreditada
Queilén,10,Los Lagos,23,8,15,7,3,1,0,1,0,11,0,0,BCN + Municipal,Verificada (Capa Municipal),No acreditada
Quellón,10,Los Lagos,18,7,11,6,1,2,0,1,2,6,0,0,BCN + Municipal,Verificada (Capa Municipal),No acreditada
Quemchi,10,Los Lagos,5,5,0,4,0,0,0,0,0,1,0,0,Cargado BCN,No aplica (Capa BCN),No acreditada
Quinchao,10,Los Lagos,12,10,2,0,1,2,0,0,1,8,0,0,BCN + Municipal,Verificada (Capa Municipal),No acreditada
Río Negro,10,Los Lagos,6,5,1,5,1,0,0,0,0,0,0,0,BCN + Municipal,Verificada (Capa Municipal),No acreditada
San Juan de la Costa,10,Los Lagos,4,3,1,2,0,0,0,1,0,1,0,0,BCN + Municipal,Verificada (Capa Municipal),No acreditada
San Pablo,10,Los Lagos,16,15,1,13,0,0,0,0,0,3,0,0,BCN + Municipal,Verificada (Capa Municipal),No acreditada
Aysén,11,Aysén,20,3,17,3,2,1,0,0,1,12,1,0,BCN + Municipal,Verificada (Capa Municipal),No acreditada
Chile Chico,11,Aysén,9,9,0,4,0,1,1,1,0,1,1,0,Cargado BCN,No aplica (Capa BCN),No acreditada
Cisnes,11,Aysén,5,4,1,4,0,0,0,0,0,1,0,0,BCN + Municipal,Verificada (Capa Municipal),No acreditada
Cochrane,11,Aysén,4,4,0,2,0,1,0,0,0,1,0,0,Cargado BCN,No aplica (Capa BCN),No acreditada
Coyhaique,11,Aysén,32,31,1,14,3,2,0,0,7,5,1,0,BCN + Municipal,Verificada (Capa Municipal),No acreditada
Guaitecas,11,Aysén,7,6,1,6,0,0,0,0,0,1,0,0,BCN + Municipal,Verificada (Capa Municipal),No acreditada
Lago Verde,11,Aysén,5,4,1,4,0,0,0,0,0,1,0,0,BCN + Municipal,Verificada (Capa Municipal),No acreditada
O Higgins,11,Aysén,4,0,4,1,1,1,0,0,0,0,0,1,Municipal verificada,Verificada (Capa Municipal),No acreditada
Río Ibáñez,11,Aysén,7,6,1,3,0,1,0,0,0,3,0,0,BCN + Municipal,Verificada (Capa Municipal),No acreditada
Tortel,11,Aysén,9,7,2,1,0,0,0,2,0,5,1,0,BCN + Municipal,Verificada (Capa Municipal),No acreditada
Antártica,12,Magallanes,1,0,1,1,0,0,0,0,0,0,0,0,Municipal verificada,Verificada (Capa Municipal),No acreditada
Cabo de Hornos,12,Magallanes,11,7,4,6,1,0,0,1,1,1,1,0,BCN + Municipal,Verificada (Capa Municipal),No acreditada
Laguna Blanca,12,Magallanes,4,2,2,3,0,0,0,0,0,1,0,0,BCN + Municipal,Verificada (Capa Municipal),No acreditada
Natales,12,Magallanes,15,12,3,2,2,1,0,1,1,7,1,0,BCN + Municipal,Verificada (Capa Municipal),No acreditada
Porvenir,12,Magallanes,6,3,3,3,0,0,0,0,0,3,0,0,BCN + Municipal,Verificada (Capa Municipal),No acreditada
Primavera,12,Magallanes,6,5,1,2,0,0,0,0,0,4,0,0,BCN + Municipal,Verificada (Capa Municipal),No acreditada
Punta Arenas,12,Magallanes,40,39,1,13,0,8,2,1,3,12,1,0,BCN + Municipal,Verificada (Capa Municipal),No acreditada
Río Verde,12,Magallanes,5,4,1,1,0,0,0,0,0,3,1,0,BCN + Municipal,Verificada (Capa Municipal),No acreditada
San Gregorio,12,Magallanes,10,1,9,2,0,0,0,1,1,4,1,1,BCN + Municipal,Verificada (Capa Municipal),No acreditada
Timaukel,12,Magallanes,2,1,1,1,0,0,0,0,0,1,0,0,BCN + Municipal,Verificada (Capa Municipal),No acreditada
Torres del Paine,12,Magallanes,5,3,2,2,1,0,0,0,0,2,0,0,BCN + Municipal,Verificada (Capa Municipal),No acreditada
Alhué,13,Metropolitana de Santiago,5,3,2,1,1,1,0,0,0,2,0,0,BCN + Municipal,Verificada (Capa Municipal),No acreditada
Buin,13,Metropolitana de Santiago,83,23,60,27,5,4,0,2,1,40,4,0,BCN + Municipal,Verificada (Capa Municipal),No acreditada
Calera de Tango,13,Metropolitana de Santiago,18,17,1,12,3,1,0,0,0,2,0,0,BCN + Municipal,Verificada (Capa Municipal),No acreditada
Cerrillos,13,Metropolitana de Santiago,50,44,6,10,3,2,0,1,0,34,0,0,BCN + Municipal,Verificada (Capa Municipal),No acreditada
Cerro Navia,13,Metropolitana de Santiago,23,21,2,12,0,4,0,0,2,5,0,0,BCN + Municipal,Verificada (Capa Municipal),No acreditada
Colina,13,Metropolitana de Santiago,46,41,5,19,2,3,2,0,1,17,2,0,BCN + Municipal,Verificada (Capa Municipal),No acreditada
Conchalí,13,Metropolitana de Santiago,59,56,3,39,2,3,0,1,0,13,1,0,BCN + Municipal,Verificada (Capa Municipal),No acreditada
Curacaví,13,Metropolitana de Santiago,27,18,9,11,2,3,0,0,1,9,0,1,BCN + Municipal,Verificada (Capa Municipal),No acreditada
El Bosque,13,Metropolitana de Santiago,14,13,1,6,3,1,0,0,2,2,0,0,BCN + Municipal,Verificada (Capa Municipal),No acreditada
El Monte,13,Metropolitana de Santiago,24,23,1,20,0,2,0,0,0,2,0,0,BCN + Municipal,Verificada (Capa Municipal),No acreditada
Estación Central,13,Metropolitana de Santiago,19,18,1,14,0,2,0,0,0,2,1,0,BCN + Municipal,Verificada (Capa Municipal),No acreditada
Huechuraba,13,Metropolitana de Santiago,9,8,1,6,0,1,0,0,1,1,0,0,BCN + Municipal,Verificada (Capa Municipal),No acreditada
Independencia,13,Metropolitana de Santiago,28,27,1,6,10,1,1,0,2,7,1,0,BCN + Municipal,Verificada (Capa Municipal),No acreditada
Isla de Maipo,13,Metropolitana de Santiago,23,20,3,13,2,1,0,0,0,7,0,0,BCN + Municipal,Verificada (Capa Municipal),No acreditada
La Cisterna,13,Metropolitana de Santiago,9,8,1,6,0,0,0,0,1,2,0,0,BCN + Municipal,Verificada (Capa Municipal),No acreditada
La Florida,13,Metropolitana de Santiago,86,72,14,25,3,18,0,1,4,30,3,2,BCN + Municipal,Verificada (Capa Municipal),No acreditada
La Granja,13,Metropolitana de Santiago,86,67,19,41,2,15,1,2,5,19,1,0,BCN + Municipal,Verificada (Capa Municipal),No acreditada
La Pintana,13,Metropolitana de Santiago,23,22,1,8,1,0,1,1,0,12,0,0,BCN + Municipal,Verificada (Capa Municipal),No acreditada
La Reina,13,Metropolitana de Santiago,85,63,22,59,4,5,0,2,2,10,1,2,BCN + Municipal,Verificada (Capa Municipal),No acreditada
Lampa,13,Metropolitana de Santiago,29,28,1,13,2,4,0,0,1,9,0,0,BCN + Municipal,Verificada (Capa Municipal),No acreditada
Las Condes,13,Metropolitana de Santiago,124,107,17,46,1,21,6,2,6,25,15,2,BCN + Municipal,Verificada (Capa Municipal),No acreditada
Lo Barnechea,13,Metropolitana de Santiago,22,21,1,7,0,6,0,0,3,6,0,0,BCN + Municipal,Verificada (Capa Municipal),No acreditada
Lo Espejo,13,Metropolitana de Santiago,21,16,5,9,3,1,0,1,0,5,1,1,BCN + Municipal,Verificada (Capa Municipal),No acreditada
Lo Prado,13,Metropolitana de Santiago,82,78,4,40,1,7,1,1,0,31,1,0,BCN + Municipal,Verificada (Capa Municipal),No acreditada
Macul,13,Metropolitana de Santiago,62,47,15,23,2,8,1,0,2,26,0,0,BCN + Municipal,Verificada (Capa Municipal),No acreditada
Maipú,13,Metropolitana de Santiago,87,29,58,30,7,13,0,3,4,23,4,3,BCN + Municipal,Verificada (Capa Municipal),No acreditada
María Pinto,13,Metropolitana de Santiago,11,9,2,5,1,0,0,0,0,4,0,1,BCN + Municipal,Verificada (Capa Municipal),No acreditada
Melipilla,13,Metropolitana de Santiago,31,30,1,18,2,1,1,1,0,7,1,0,BCN + Municipal,Verificada (Capa Municipal),No acreditada
Padre Hurtado,13,Metropolitana de Santiago,16,14,2,8,1,1,0,1,0,4,0,1,BCN + Municipal,Verificada (Capa Municipal),No acreditada
Paine,13,Metropolitana de Santiago,21,15,6,12,2,1,0,1,0,5,0,0,BCN + Municipal,Verificada (Capa Municipal),No acreditada
Pedro Aguirre Cerda,13,Metropolitana de Santiago,16,15,1,8,1,0,0,0,4,3,0,0,BCN + Municipal,Verificada (Capa Municipal),No acreditada
Peñaflor,13,Metropolitana de Santiago,32,25,7,16,2,0,0,0,0,13,1,0,BCN + Municipal,Verificada (Capa Municipal),No acreditada
Peñalolén,13,Metropolitana de Santiago,73,72,1,21,3,19,5,2,6,16,1,0,BCN + Municipal,Verificada (Capa Municipal),No acreditada
Pirque,13,Metropolitana de Santiago,42,41,1,20,1,0,0,3,1,16,1,0,BCN + Municipal,Verificada (Capa Municipal),No acreditada
Providencia,13,Metropolitana de Santiago,763,284,479,346,39,88,33,4,55,124,70,4,BCN + Municipal,Verificada (Capa Municipal),No acreditada
Pudahuel,13,Metropolitana de Santiago,35,33,2,26,1,0,0,0,1,7,0,0,BCN + Municipal,Verificada (Capa Municipal),No acreditada
Puente Alto,13,Metropolitana de Santiago,38,36,2,18,0,5,0,0,1,13,0,1,BCN + Municipal,Verificada (Capa Municipal),No acreditada
Quilicura,13,Metropolitana de Santiago,20,19,1,9,1,5,0,1,0,4,0,0,BCN + Municipal,Verificada (Capa Municipal),No acreditada
Quinta Normal,13,Metropolitana de Santiago,26,25,1,16,1,0,0,1,1,6,0,1,BCN + Municipal,Verificada (Capa Municipal),No acreditada
Recoleta,13,Metropolitana de Santiago,56,47,9,25,0,17,1,0,1,7,4,1,BCN + Municipal,Verificada (Capa Municipal),No acreditada
Renca,13,Metropolitana de Santiago,38,29,9,20,1,1,0,0,2,12,0,2,BCN + Municipal,Verificada (Capa Municipal),No acreditada
San Bernardo,13,Metropolitana de Santiago,102,87,15,32,4,15,1,2,1,41,6,0,BCN + Municipal,Verificada (Capa Municipal),No acreditada
San Joaquín,13,Metropolitana de Santiago,19,15,4,10,3,2,0,0,1,2,0,1,BCN + Municipal,Verificada (Capa Municipal),No acreditada
San José de Maipo,13,Metropolitana de Santiago,20,18,2,9,3,1,0,0,0,7,0,0,BCN + Municipal,Verificada (Capa Municipal),No acreditada
San Miguel,13,Metropolitana de Santiago,27,27,0,14,0,2,1,0,4,6,0,0,Cargado BCN,No aplica (Capa BCN),No acreditada
San Pedro,13,Metropolitana de Santiago,12,12,0,7,1,0,0,0,0,4,0,0,Cargado BCN,No aplica (Capa BCN),No acreditada
San Ramón,13,Metropolitana de Santiago,22,21,1,16,0,3,0,0,0,1,2,0,BCN + Municipal,Verificada (Capa Municipal),No acreditada
Santiago,13,Metropolitana de Santiago,159,140,19,34,9,32,1,0,12,63,8,0,BCN + Municipal,Verificada (Capa Municipal),No acreditada
Talagante,13,Metropolitana de Santiago,38,37,1,11,3,2,2,0,1,16,3,0,BCN + Municipal,Verificada (Capa Municipal),No acreditada
Tiltil,13,Metropolitana de Santiago,19,0,19,2,2,2,0,2,2,4,1,4,Municipal verificada,Verificada (Capa Municipal),No acreditada
Vitacura,13,Metropolitana de Santiago,60,59,1,32,5,4,3,0,5,9,2,0,BCN + Municipal,Verificada (Capa Municipal),No acreditada
Ñuñoa,13,Metropolitana de Santiago,59,56,3,23,2,16,1,1,0,10,6,0,BCN + Municipal,Verificada (Capa Municipal),No acreditada
Corral,14,Los Ríos,4,4,0,2,0,1,0,0,0,1,0,0,Cargado BCN,No aplica (Capa BCN),No acreditada
Futrono,14,Los Ríos,7,7,0,2,0,0,0,0,1,4,0,0,Cargado BCN,No aplica (Capa BCN),No acreditada
La Unión,14,Los Ríos,8,7,1,4,0,1,0,1,0,2,0,0,BCN + Municipal,Verificada (Capa Municipal),No acreditada
Lago Ranco,14,Los Ríos,7,7,0,4,1,0,0,0,0,2,0,0,Cargado BCN,No aplica (Capa BCN),No acreditada
Lanco,14,Los Ríos,6,0,6,1,1,1,0,0,0,3,0,0,Municipal verificada,Verificada (Capa Municipal),No acreditada
Los Lagos,14,Los Ríos,17,11,6,9,2,1,0,1,0,4,0,0,BCN + Municipal,Verificada (Capa Municipal),No acreditada
Mariquina,14,Los Ríos,6,2,4,1,0,0,0,1,2,2,0,0,BCN + Municipal,Verificada (Capa Municipal),No acreditada
Máfil,14,Los Ríos,4,3,1,0,2,0,0,0,0,2,0,0,BCN + Municipal,Verificada (Capa Municipal),No acreditada
Paillaco,14,Los Ríos,20,6,14,4,3,3,0,1,2,5,1,1,BCN + Municipal,Verificada (Capa Municipal),No acreditada
Panguipulli,14,Los Ríos,16,15,1,4,0,2,0,0,1,8,1,0,BCN + Municipal,Verificada (Capa Municipal),No acreditada
Río Bueno,14,Los Ríos,17,16,1,5,0,3,0,1,1,7,0,0,BCN + Municipal,Verificada (Capa Municipal),No acreditada
Valdivia,14,Los Ríos,25,24,1,12,3,1,0,1,0,4,4,0,BCN + Municipal,Verificada (Capa Municipal),No acreditada
Arica,15,Arica y Parinacota,39,36,3,15,0,4,0,1,2,16,1,0,BCN + Municipal,Verificada (Capa Municipal),No acreditada
Camarones,15,Arica y Parinacota,8,7,1,4,0,0,0,0,0,4,0,0,BCN + Municipal,Verificada (Capa Municipal),No acreditada
General Lagos,15,Arica y Parinacota,4,4,0,2,0,1,0,0,0,1,0,0,Cargado BCN,No aplica (Capa BCN),No acreditada
Putre,15,Arica y Parinacota,4,3,1,2,0,0,0,0,0,2,0,0,BCN + Municipal,Verificada (Capa Municipal),No acreditada
Bulnes,16,Ñuble,8,7,1,7,0,0,0,0,0,1,0,0,BCN + Municipal,Verificada (Capa Municipal),No acreditada
Chillán,16,Ñuble,23,22,1,19,0,0,0,1,0,3,0,0,BCN + Municipal,Verificada (Capa Municipal),No acreditada
Chillán Viejo,16,Ñuble,2,0,2,1,0,0,0,0,0,0,0,1,Municipal verificada,Verificada (Capa Municipal),No acreditada
Cobquecura,16,Ñuble,12,2,10,1,1,0,0,0,0,10,0,0,BCN + Municipal,Verificada (Capa Municipal),No acreditada
Coelemu,16,Ñuble,7,6,1,3,0,3,0,0,0,1,0,0,BCN + Municipal,Verificada (Capa Municipal),No acreditada
Coihueco,16,Ñuble,28,24,4,15,1,3,0,0,0,8,1,0,BCN + Municipal,Verificada (Capa Municipal),No acreditada
El Carmen,16,Ñuble,18,6,12,5,0,1,0,0,0,9,2,1,BCN + Municipal,Verificada (Capa Municipal),No acreditada
Ninhue,16,Ñuble,4,3,1,3,0,0,0,0,0,1,0,0,BCN + Municipal,Verificada (Capa Municipal),No acreditada
Pemuco,16,Ñuble,5,4,1,1,0,0,0,0,0,4,0,0,BCN + Municipal,Verificada (Capa Municipal),No acreditada
Pinto,16,Ñuble,11,6,5,1,1,0,0,0,0,9,0,0,BCN + Municipal,Verificada (Capa Municipal),No acreditada
Portezuelo,16,Ñuble,6,6,0,6,0,0,0,0,0,0,0,0,Cargado BCN,No aplica (Capa BCN),No acreditada
Quillón,16,Ñuble,22,19,3,9,1,1,0,1,0,10,0,0,BCN + Municipal,Verificada (Capa Municipal),No acreditada
Quirihue,16,Ñuble,9,7,2,3,1,0,0,0,0,4,1,0,BCN + Municipal,Verificada (Capa Municipal),No acreditada
Ránquil,16,Ñuble,7,6,1,4,1,0,0,0,0,2,0,0,BCN + Municipal,Verificada (Capa Municipal),No acreditada
San Carlos,16,Ñuble,16,15,1,5,1,1,0,0,2,6,1,0,BCN + Municipal,Verificada (Capa Municipal),No acreditada
San Fabián,16,Ñuble,4,4,0,3,0,0,0,0,0,1,0,0,Cargado BCN,No aplica (Capa BCN),No acreditada
San Ignacio,16,Ñuble,21,16,5,8,1,4,0,1,1,4,2,0,BCN + Municipal,Verificada (Capa Municipal),No acreditada
San Nicolás,16,Ñuble,37,5,32,3,0,0,0,0,0,34,0,0,BCN + Municipal,Verificada (Capa Municipal),No acreditada
Treguaco,16,Ñuble,5,3,2,0,1,0,0,0,0,3,1,0,BCN + Municipal,Verificada (Capa Municipal),No acreditada
Yungay,16,Ñuble,11,10,1,9,0,0,0,0,0,2,0,0,BCN + Municipal,Verificada (Capa Municipal),No acreditada
Ñiquén,16,Ñuble,3,1,2,1,0,0,0,0,1,1,0,0,BCN + Municipal,Verificada (Capa Municipal),No acreditada
