region_id,region_nombre,comuna_nombre,slug,web_municipal,url_transparencia
15,Arica y Parinacota,Arica,arica,https://www.municipalidadarica.cl,https://www.portaltransparencia.cl/PortalPdT/web/guest/direct-org?org=MU_arica
15,Arica y Parinacota,Camarones,camarones,https://www.municipalidadcamarones.cl,https://www.portaltransparencia.cl/PortalPdT/web/guest/direct-org?org=MU_camarones
15,Arica y Parinacota,Putre,putre,https://www.municipalidadputre.cl,https://www.portaltransparencia.cl/PortalPdT/web/guest/direct-org?org=MU_putre
15,Arica y Parinacota,General Lagos,general-lagos,https://www.municipalidadgeneral-lagos.cl,https://www.portaltransparencia.cl/PortalPdT/web/guest/direct-org?org=MU_general-lagos
01,Tarapacá,Iquique,iquique,https://www.municipalidadiquique.cl,https://www.portaltransparencia.cl/PortalPdT/web/guest/direct-org?org=MU_iquique
01,Tarapacá,Alto Hospicio,alto-hospicio,https://www.municipalidadalto-hospicio.cl,https://www.portaltransparencia.cl/PortalPdT/web/guest/direct-org?org=MU_alto-hospicio
01,Tarapacá,Pozo Almonte,pozo-almonte,https://www.municipalidadpozo-almonte.cl,https://www.portaltransparencia.cl/PortalPdT/web/guest/direct-org?org=MU_pozo-almonte
01,Tarapacá,Camiña,camina,https://www.municipalidadcamina.cl,https://www.portaltransparencia.cl/PortalPdT/web/guest/direct-org?org=MU_camina
01,Tarapacá,Colchane,colchane,https://www.municipalidadcolchane.cl,https://www.portaltransparencia.cl/PortalPdT/web/guest/direct-org?org=MU_colchane
01,Tarapacá,Huara,huara,https://www.municipalidadhuara.cl,https://www.portaltransparencia.cl/PortalPdT/web/guest/direct-org?org=MU_huara
01,Tarapacá,Pica,pica,https://www.municipalidadpica.cl,https://www.portaltransparencia.cl/PortalPdT/web/guest/direct-org?org=MU_pica
02,Antofagasta,Antofagasta,antofagasta,https://www.municipalidadantofagasta.cl,https://www.portaltransparencia.cl/PortalPdT/web/guest/direct-org?org=MU_antofagasta
02,Antofagasta,Mejillones,mejillones,https://www.municipalidadmejillones.cl,https://www.portaltransparencia.cl/PortalPdT/web/guest/direct-org?org=MU_mejillones
02,Antofagasta,Sierra Gorda,sierra-gorda,https://www.municipalidadsierra-gorda.cl,https://www.portaltransparencia.cl/PortalPdT/web/guest/direct-org?org=MU_sierra-gorda
02,Antofagasta,Taltal,taltal,https://www.municipalidadtaltal.cl,https://www.portaltransparencia.cl/PortalPdT/web/guest/direct-org?org=MU_taltal
02,Antofagasta,Calama,calama,https://www.municipalidadcalama.cl,https://www.portaltransparencia.cl/PortalPdT/web/guest/direct-org?org=MU_calama
02,Antofagasta,Ollagüe,ollagüe,https://www.municipalidadollagüe.cl,https://www.portaltransparencia.cl/PortalPdT/web/guest/direct-org?org=MU_ollagüe
02,Antofagasta,San Pedro de Atacama,san-pedro-de-atacama,https://www.municipalidadsan-pedro-de-atacama.cl,https://www.portaltransparencia.cl/PortalPdT/web/guest/direct-org?org=MU_san-pedro-de-atacama
02,Antofagasta,Tocopilla,tocopilla,https://www.municipalidadtocopilla.cl,https://www.portaltransparencia.cl/PortalPdT/web/guest/direct-org?org=MU_tocopilla
02,Antofagasta,María Elena,maria-elena,https://www.municipalidadmaria-elena.cl,https://www.portaltransparencia.cl/PortalPdT/web/guest/direct-org?org=MU_maria-elena
03,Atacama,Copiapó,copiapo,https://www.municipalidadcopiapo.cl,https://www.portaltransparencia.cl/PortalPdT/web/guest/direct-org?org=MU_copiapo
03,Atacama,Caldera,caldera,https://www.municipalidadcaldera.cl,https://www.portaltransparencia.cl/PortalPdT/web/guest/direct-org?org=MU_caldera
03,Atacama,Tierra Amarilla,tierra-amarilla,https://www.municipalidadtierra-amarilla.cl,https://www.portaltransparencia.cl/PortalPdT/web/guest/direct-org?org=MU_tierra-amarilla
03,Atacama,Chañaral,chanaral,https://www.municipalidadchanaral.cl,https://www.portaltransparencia.cl/PortalPdT/web/guest/direct-org?org=MU_chanaral
03,Atacama,Diego de Almagro,diego-de-almagro,https://www.municipalidaddiego-de-almagro.cl,https://www.portaltransparencia.cl/PortalPdT/web/guest/direct-org?org=MU_diego-de-almagro
03,Atacama,Vallenar,vallenar,https://www.municipalidadvallenar.cl,https://www.portaltransparencia.cl/PortalPdT/web/guest/direct-org?org=MU_vallenar
03,Atacama,Alto del Carmen,alto-del-carmen,https://www.municipalidadalto-del-carmen.cl,https://www.portaltransparencia.cl/PortalPdT/web/guest/direct-org?org=MU_alto-del-carmen
03,Atacama,Freirina,freirina,https://www.municipalidadfreirina.cl,https://www.portaltransparencia.cl/PortalPdT/web/guest/direct-org?org=MU_freirina
03,Atacama,Huasco,huasco,https://www.municipalidadhuasco.cl,https://www.portaltransparencia.cl/PortalPdT/web/guest/direct-org?org=MU_huasco
04,Coquimbo,La Serena,la-serena,https://www.municipalidadla-serena.cl,https://www.portaltransparencia.cl/PortalPdT/web/guest/direct-org?org=MU_la-serena
04,Coquimbo,Coquimbo,coquimbo,https://www.municipalidadcoquimbo.cl,https://www.portaltransparencia.cl/PortalPdT/web/guest/direct-org?org=MU_coquimbo
04,Coquimbo,Andacollo,andacollo,https://www.municipalidadandacollo.cl,https://www.portaltransparencia.cl/PortalPdT/web/guest/direct-org?org=MU_andacollo
04,Coquimbo,La Higuera,la-higuera,https://www.municipalidadla-higuera.cl,https://www.portaltransparencia.cl/PortalPdT/web/guest/direct-org?org=MU_la-higuera
04,Coquimbo,Paiguano,paiguano,https://www.municipalidadpaiguano.cl,https://www.portaltransparencia.cl/PortalPdT/web/guest/direct-org?org=MU_paiguano
04,Coquimbo,Vicuña,vicuna,https://www.municipalidadvicuna.cl,https://www.portaltransparencia.cl/PortalPdT/web/guest/direct-org?org=MU_vicuna
04,Coquimbo,Illapel,illapel,https://www.municipalidadillapel.cl,https://www.portaltransparencia.cl/PortalPdT/web/guest/direct-org?org=MU_illapel
04,Coquimbo,Canela,canela,https://www.municipalidadcanela.cl,https://www.portaltransparencia.cl/PortalPdT/web/guest/direct-org?org=MU_canela
04,Coquimbo,Los Vilos,los-vilos,https://www.municipalidadlos-vilos.cl,https://www.portaltransparencia.cl/PortalPdT/web/guest/direct-org?org=MU_los-vilos
04,Coquimbo,Salamanca,salamanca,https://www.municipalidadsalamanca.cl,https://www.portaltransparencia.cl/PortalPdT/web/guest/direct-org?org=MU_salamanca
04,Coquimbo,Ovalle,ovalle,https://www.municipalidadovalle.cl,https://www.portaltransparencia.cl/PortalPdT/web/guest/direct-org?org=MU_ovalle
04,Coquimbo,Combarbalá,combarbala,https://www.municipalidadcombarbala.cl,https://www.portaltransparencia.cl/PortalPdT/web/guest/direct-org?org=MU_combarbala
04,Coquimbo,Monte Patria,monte-patria,https://www.municipalidadmonte-patria.cl,https://www.portaltransparencia.cl/PortalPdT/web/guest/direct-org?org=MU_monte-patria
04,Coquimbo,Punitaqui,punitaqui,https://www.municipalidadpunitaqui.cl,https://www.portaltransparencia.cl/PortalPdT/web/guest/direct-org?org=MU_punitaqui
04,Coquimbo,Río Hurtado,rio-hurtado,https://www.municipalidadrio-hurtado.cl,https://www.portaltransparencia.cl/PortalPdT/web/guest/direct-org?org=MU_rio-hurtado
05,Valparaíso,Valparaíso,valparaiso,https://www.municipalidadvalparaiso.cl,https://www.portaltransparencia.cl/PortalPdT/web/guest/direct-org?org=MU_valparaiso
05,Valparaíso,Casablanca,casablanca,https://www.municipalidadcasablanca.cl,https://www.portaltransparencia.cl/PortalPdT/web/guest/direct-org?org=MU_casablanca
05,Valparaíso,Concón,concon,https://www.municipalidadconcon.cl,https://www.portaltransparencia.cl/PortalPdT/web/guest/direct-org?org=MU_concon
05,Valparaíso,Juan Fernández,juan-fernandez,https://www.municipalidadjuan-fernandez.cl,https://www.portaltransparencia.cl/PortalPdT/web/guest/direct-org?org=MU_juan-fernandez
05,Valparaíso,Puchuncaví,puchuncavi,https://www.municipalidadpuchuncavi.cl,https://www.portaltransparencia.cl/PortalPdT/web/guest/direct-org?org=MU_puchuncavi
05,Valparaíso,Quintero,quintero,https://www.municipalidadquintero.cl,https://www.portaltransparencia.cl/PortalPdT/web/guest/direct-org?org=MU_quintero
05,Valparaíso,Viña del Mar,vina-del-mar,https://www.municipalidadvina-del-mar.cl,https://www.portaltransparencia.cl/PortalPdT/web/guest/direct-org?org=MU_vina-del-mar
05,Valparaíso,Isla de Pascua,isla-de-pascua,https://www.municipalidadisla-de-pascua.cl,https://www.portaltransparencia.cl/PortalPdT/web/guest/direct-org?org=MU_isla-de-pascua
05,Valparaíso,Los Andes,los-andes,https://www.municipalidadlos-andes.cl,https://www.portaltransparencia.cl/PortalPdT/web/guest/direct-org?org=MU_los-andes
05,Valparaíso,Calle Larga,calle-larga,https://www.municipalidadcalle-larga.cl,https://www.portaltransparencia.cl/PortalPdT/web/guest/direct-org?org=MU_calle-larga
05,Valparaíso,Rinconada,rinconada,https://www.municipalidadrinconada.cl,https://www.portaltransparencia.cl/PortalPdT/web/guest/direct-org?org=MU_rinconada
05,Valparaíso,San Esteban,san-esteban,https://www.municipalidadsan-esteban.cl,https://www.portaltransparencia.cl/PortalPdT/web/guest/direct-org?org=MU_san-esteban
05,Valparaíso,La Ligua,la-ligua,https://www.municipalidadla-ligua.cl,https://www.portaltransparencia.cl/PortalPdT/web/guest/direct-org?org=MU_la-ligua
05,Valparaíso,Cabildo,cabildo,https://www.municipalidadcabildo.cl,https://www.portaltransparencia.cl/PortalPdT/web/guest/direct-org?org=MU_cabildo
05,Valparaíso,Papudo,papudo,https://www.municipalidadpapudo.cl,https://www.portaltransparencia.cl/PortalPdT/web/guest/direct-org?org=MU_papudo
05,Valparaíso,Petorca,petorca,https://www.municipalidadpetorca.cl,https://www.portaltransparencia.cl/PortalPdT/web/guest/direct-org?org=MU_petorca
05,Valparaíso,Zapallar,zapallar,https://www.municipalidadzapallar.cl,https://www.portaltransparencia.cl/PortalPdT/web/guest/direct-org?org=MU_zapallar
05,Valparaíso,Quillota,quillota,https://www.municipalidadquillota.cl,https://www.portaltransparencia.cl/PortalPdT/web/guest/direct-org?org=MU_quillota
05,Valparaíso,Calera,calera,https://www.municipalidadcalera.cl,https://www.portaltransparencia.cl/PortalPdT/web/guest/direct-org?org=MU_calera
05,Valparaíso,Hijuelas,hijuelas,https://www.municipalidadhijuelas.cl,https://www.portaltransparencia.cl/PortalPdT/web/guest/direct-org?org=MU_hijuelas
05,Valparaíso,La Cruz,la-cruz,https://www.municipalidadla-cruz.cl,https://www.portaltransparencia.cl/PortalPdT/web/guest/direct-org?org=MU_la-cruz
05,Valparaíso,Nogales,nogales,https://www.municipalidadnogales.cl,https://www.portaltransparencia.cl/PortalPdT/web/guest/direct-org?org=MU_nogales
05,Valparaíso,San Antonio,san-antonio,https://www.municipalidadsan-antonio.cl,https://www.portaltransparencia.cl/PortalPdT/web/guest/direct-org?org=MU_san-antonio
05,Valparaíso,Algarrobo,algarrobo,https://www.municipalidadalgarrobo.cl,https://www.portaltransparencia.cl/PortalPdT/web/guest/direct-org?org=MU_algarrobo
05,Valparaíso,Cartagena,cartagena,https://www.municipalidadcartagena.cl,https://www.portaltransparencia.cl/PortalPdT/web/guest/direct-org?org=MU_cartagena
05,Valparaíso,El Quisco,el-quisco,https://www.municipalidadel-quisco.cl,https://www.portaltransparencia.cl/PortalPdT/web/guest/direct-org?org=MU_el-quisco
05,Valparaíso,El Tabo,el-tabo,https://www.municipalidadel-tabo.cl,https://www.portaltransparencia.cl/PortalPdT/web/guest/direct-org?org=MU_el-tabo
05,Valparaíso,Santo Domingo,santo-domingo,https://www.municipalidadsanto-domingo.cl,https://www.portaltransparencia.cl/PortalPdT/web/guest/direct-org?org=MU_santo-domingo
05,Valparaíso,San Felipe,san-felipe,https://www.municipalidadsan-felipe.cl,https://www.portaltransparencia.cl/PortalPdT/web/guest/direct-org?org=MU_san-felipe
05,Valparaíso,Catemu,catemu,https://www.municipalidadcatemu.cl,https://www.portaltransparencia.cl/PortalPdT/web/guest/direct-org?org=MU_catemu
05,Valparaíso,Llaillay,llaillay,https://www.municipalidadllaillay.cl,https://www.portaltransparencia.cl/PortalPdT/web/guest/direct-org?org=MU_llaillay
05,Valparaíso,Panquehue,panquehue,https://www.municipalidadpanquehue.cl,https://www.portaltransparencia.cl/PortalPdT/web/guest/direct-org?org=MU_panquehue
05,Valparaíso,Putaendo,putaendo,https://www.municipalidadputaendo.cl,https://www.portaltransparencia.cl/PortalPdT/web/guest/direct-org?org=MU_putaendo
05,Valparaíso,Santa María,santa-maria,https://www.municipalidadsanta-maria.cl,https://www.portaltransparencia.cl/PortalPdT/web/guest/direct-org?org=MU_santa-maria
05,Valparaíso,Quilpué,quilpue,https://www.municipalidadquilpue.cl,https://www.portaltransparencia.cl/PortalPdT/web/guest/direct-org?org=MU_quilpue
05,Valparaíso,Limache,limache,https://www.municipalidadlimache.cl,https://www.portaltransparencia.cl/PortalPdT/web/guest/direct-org?org=MU_limache
05,Valparaíso,Olmué,olmue,https://www.municipalidadolmue.cl,https://www.portaltransparencia.cl/PortalPdT/web/guest/direct-org?org=MU_olmue
05,Valparaíso,Villa Alemana,villa-alemana,https://www.municipalidadvilla-alemana.cl,https://www.portaltransparencia.cl/PortalPdT/web/guest/direct-org?org=MU_villa-alemana
13,Metropolitana de Santiago,Santiago,santiago,https://www.municipalidadsantiago.cl,https://www.portaltransparencia.cl/PortalPdT/web/guest/direct-org?org=MU_santiago
13,Metropolitana de Santiago,Cerrillos,cerrillos,https://www.municipalidadcerrillos.cl,https://www.portaltransparencia.cl/PortalPdT/web/guest/direct-org?org=MU_cerrillos
13,Metropolitana de Santiago,Cerro Navia,cerro-navia,https://www.municipalidadcerro-navia.cl,https://www.portaltransparencia.cl/PortalPdT/web/guest/direct-org?org=MU_cerro-navia
13,Metropolitana de Santiago,Conchalí,conchali,https://www.municipalidadconchali.cl,https://www.portaltransparencia.cl/PortalPdT/web/guest/direct-org?org=MU_conchali
13,Metropolitana de Santiago,El Bosque,el-bosque,https://www.municipalidadel-bosque.cl,https://www.portaltransparencia.cl/PortalPdT/web/guest/direct-org?org=MU_el-bosque
13,Metropolitana de Santiago,Estación Central,estacion-central,https://www.municipalidadestacion-central.cl,https://www.portaltransparencia.cl/PortalPdT/web/guest/direct-org?org=MU_estacion-central
13,Metropolitana de Santiago,Huechuraba,huechuraba,https://www.municipalidadhuechuraba.cl,https://www.portaltransparencia.cl/PortalPdT/web/guest/direct-org?org=MU_huechuraba
13,Metropolitana de Santiago,Independencia,independencia,https://www.municipalidadindependencia.cl,https://www.portaltransparencia.cl/PortalPdT/web/guest/direct-org?org=MU_independencia
13,Metropolitana de Santiago,La Cisterna,la-cisterna,https://www.municipalidadla-cisterna.cl,https://www.portaltransparencia.cl/PortalPdT/web/guest/direct-org?org=MU_la-cisterna
13,Metropolitana de Santiago,La Florida,la-florida,https://www.municipalidadla-florida.cl,https://www.portaltransparencia.cl/PortalPdT/web/guest/direct-org?org=MU_la-florida
13,Metropolitana de Santiago,La Granja,la-granja,https://www.municipalidadla-granja.cl,https://www.portaltransparencia.cl/PortalPdT/web/guest/direct-org?org=MU_la-granja
13,Metropolitana de Santiago,La Pintana,la-pintana,https://www.municipalidadla-pintana.cl,https://www.portaltransparencia.cl/PortalPdT/web/guest/direct-org?org=MU_la-pintana
13,Metropolitana de Santiago,La Reina,la-reina,https://www.municipalidadla-reina.cl,https://www.portaltransparencia.cl/PortalPdT/web/guest/direct-org?org=MU_la-reina
13,Metropolitana de Santiago,Las Condes,las-condes,https://www.municipalidadlas-condes.cl,https://www.portaltransparencia.cl/PortalPdT/web/guest/direct-org?org=MU_las-condes
13,Metropolitana de Santiago,Lo Barnechea,lo-barnechea,https://www.municipalidadlo-barnechea.cl,https://www.portaltransparencia.cl/PortalPdT/web/guest/direct-org?org=MU_lo-barnechea
13,Metropolitana de Santiago,Lo Espejo,lo-espejo,https://www.municipalidadlo-espejo.cl,https://www.portaltransparencia.cl/PortalPdT/web/guest/direct-org?org=MU_lo-espejo
13,Metropolitana de Santiago,Lo Prado,lo-prado,https://www.municipalidadlo-prado.cl,https://www.portaltransparencia.cl/PortalPdT/web/guest/direct-org?org=MU_lo-prado
13,Metropolitana de Santiago,Macul,macul,https://www.municipalidadmacul.cl,https://www.portaltransparencia.cl/PortalPdT/web/guest/direct-org?org=MU_macul
13,Metropolitana de Santiago,Maipú,maipu,https://www.municipalidadmaipu.cl,https://www.portaltransparencia.cl/PortalPdT/web/guest/direct-org?org=MU_maipu
13,Metropolitana de Santiago,Ñuñoa,nunoa,https://www.municipalidadnunoa.cl,https://www.portaltransparencia.cl/PortalPdT/web/guest/direct-org?org=MU_nunoa
13,Metropolitana de Santiago,Pedro Aguirre Cerda,pedro-aguirre-cerda,https://www.municipalidadpedro-aguirre-cerda.cl,https://www.portaltransparencia.cl/PortalPdT/web/guest/direct-org?org=MU_pedro-aguirre-cerda
13,Metropolitana de Santiago,Peñalolén,penalolen,https://www.municipalidadpenalolen.cl,https://www.portaltransparencia.cl/PortalPdT/web/guest/direct-org?org=MU_penalolen
13,Metropolitana de Santiago,Providencia,providencia,https://www.municipalidadprovidencia.cl,https://www.portaltransparencia.cl/PortalPdT/web/guest/direct-org?org=MU_providencia
13,Metropolitana de Santiago,Pudahuel,pudahuel,https://www.municipalidadpudahuel.cl,https://www.portaltransparencia.cl/PortalPdT/web/guest/direct-org?org=MU_pudahuel
13,Metropolitana de Santiago,Quilicura,quilicura,https://www.municipalidadquilicura.cl,https://www.portaltransparencia.cl/PortalPdT/web/guest/direct-org?org=MU_quilicura
13,Metropolitana de Santiago,Quinta Normal,quinta-normal,https://www.municipalidadquinta-normal.cl,https://www.portaltransparencia.cl/PortalPdT/web/guest/direct-org?org=MU_quinta-normal
13,Metropolitana de Santiago,Recoleta,recoleta,https://www.municipalidadrecoleta.cl,https://www.portaltransparencia.cl/PortalPdT/web/guest/direct-org?org=MU_recoleta
13,Metropolitana de Santiago,Renca,renca,https://www.municipalidadrenca.cl,https://www.portaltransparencia.cl/PortalPdT/web/guest/direct-org?org=MU_renca
13,Metropolitana de Santiago,San Joaquín,san-joaquin,https://www.municipalidadsan-joaquin.cl,https://www.portaltransparencia.cl/PortalPdT/web/guest/direct-org?org=MU_san-joaquin
13,Metropolitana de Santiago,San Miguel,san-miguel,https://www.municipalidadsan-miguel.cl,https://www.portaltransparencia.cl/PortalPdT/web/guest/direct-org?org=MU_san-miguel
13,Metropolitana de Santiago,San Ramón,san-ramon,https://www.municipalidadsan-ramon.cl,https://www.portaltransparencia.cl/PortalPdT/web/guest/direct-org?org=MU_san-ramon
13,Metropolitana de Santiago,Vitacura,vitacura,https://www.municipalidadvitacura.cl,https://www.portaltransparencia.cl/PortalPdT/web/guest/direct-org?org=MU_vitacura
13,Metropolitana de Santiago,Puente Alto,puente-alto,https://www.municipalidadpuente-alto.cl,https://www.portaltransparencia.cl/PortalPdT/web/guest/direct-org?org=MU_puente-alto
13,Metropolitana de Santiago,Pirque,pirque,https://www.municipalidadpirque.cl,https://www.portaltransparencia.cl/PortalPdT/web/guest/direct-org?org=MU_pirque
13,Metropolitana de Santiago,San José de Maipo,san-jose-de-maipo,https://www.municipalidadsan-jose-de-maipo.cl,https://www.portaltransparencia.cl/PortalPdT/web/guest/direct-org?org=MU_san-jose-de-maipo
13,Metropolitana de Santiago,Colina,colina,https://www.municipalidadcolina.cl,https://www.portaltransparencia.cl/PortalPdT/web/guest/direct-org?org=MU_colina
13,Metropolitana de Santiago,Lampa,lampa,https://www.municipalidadlampa.cl,https://www.portaltransparencia.cl/PortalPdT/web/guest/direct-org?org=MU_lampa
13,Metropolitana de Santiago,Tiltil,tiltil,https://www.municipalidadtiltil.cl,https://www.portaltransparencia.cl/PortalPdT/web/guest/direct-org?org=MU_tiltil
13,Metropolitana de Santiago,San Bernardo,san-bernardo,https://www.municipalidadsan-bernardo.cl,https://www.portaltransparencia.cl/PortalPdT/web/guest/direct-org?org=MU_san-bernardo
13,Metropolitana de Santiago,Buin,buin,https://www.municipalidadbuin.cl,https://www.portaltransparencia.cl/PortalPdT/web/guest/direct-org?org=MU_buin
13,Metropolitana de Santiago,Calera de Tango,calera-de-tango,https://www.municipalidadcalera-de-tango.cl,https://www.portaltransparencia.cl/PortalPdT/web/guest/direct-org?org=MU_calera-de-tango
13,Metropolitana de Santiago,Paine,paine,https://www.municipalidadpaine.cl,https://www.portaltransparencia.cl/PortalPdT/web/guest/direct-org?org=MU_paine
13,Metropolitana de Santiago,Melipilla,melipilla,https://www.municipalidadmelipilla.cl,https://www.portaltransparencia.cl/PortalPdT/web/guest/direct-org?org=MU_melipilla
13,Metropolitana de Santiago,Alhué,alhue,https://www.municipalidadalhue.cl,https://www.portaltransparencia.cl/PortalPdT/web/guest/direct-org?org=MU_alhue
13,Metropolitana de Santiago,Curacaví,curacavi,https://www.municipalidadcuracavi.cl,https://www.portaltransparencia.cl/PortalPdT/web/guest/direct-org?org=MU_curacavi
13,Metropolitana de Santiago,María Pinto,maria-pinto,https://www.municipalidadmaria-pinto.cl,https://www.portaltransparencia.cl/PortalPdT/web/guest/direct-org?org=MU_maria-pinto
13,Metropolitana de Santiago,San Pedro,san-pedro,https://www.municipalidadsan-pedro.cl,https://www.portaltransparencia.cl/PortalPdT/web/guest/direct-org?org=MU_san-pedro
13,Metropolitana de Santiago,Talagante,talagante,https://www.municipalidadtalagante.cl,https://www.portaltransparencia.cl/PortalPdT/web/guest/direct-org?org=MU_talagante
13,Metropolitana de Santiago,El Monte,el-monte,https://www.municipalidadel-monte.cl,https://www.portaltransparencia.cl/PortalPdT/web/guest/direct-org?org=MU_el-monte
13,Metropolitana de Santiago,Isla de Maipo,isla-de-maipo,https://www.municipalidadisla-de-maipo.cl,https://www.portaltransparencia.cl/PortalPdT/web/guest/direct-org?org=MU_isla-de-maipo
13,Metropolitana de Santiago,Padre Hurtado,padre-hurtado,https://www.municipalidadpadre-hurtado.cl,https://www.portaltransparencia.cl/PortalPdT/web/guest/direct-org?org=MU_padre-hurtado
13,Metropolitana de Santiago,Peñaflor,penaflor,https://www.municipalidadpenaflor.cl,https://www.portaltransparencia.cl/PortalPdT/web/guest/direct-org?org=MU_penaflor
06,Libertador General Bernardo O'Higgins,Rancagua,rancagua,https://www.municipalidadrancagua.cl,https://www.portaltransparencia.cl/PortalPdT/web/guest/direct-org?org=MU_rancagua
06,Libertador General Bernardo O'Higgins,Codegua,codegua,https://www.municipalidadcodegua.cl,https://www.portaltransparencia.cl/PortalPdT/web/guest/direct-org?org=MU_codegua
06,Libertador General Bernardo O'Higgins,Coinco,coinco,https://www.municipalidadcoinco.cl,https://www.portaltransparencia.cl/PortalPdT/web/guest/direct-org?org=MU_coinco
06,Libertador General Bernardo O'Higgins,Coltauco,coltauco,https://www.municipalidadcoltauco.cl,https://www.portaltransparencia.cl/PortalPdT/web/guest/direct-org?org=MU_coltauco
06,Libertador General Bernardo O'Higgins,Doñihue,donihue,https://www.municipalidaddonihue.cl,https://www.portaltransparencia.cl/PortalPdT/web/guest/direct-org?org=MU_donihue
06,Libertador General Bernardo O'Higgins,Graneros,graneros,https://www.municipalidadgraneros.cl,https://www.portaltransparencia.cl/PortalPdT/web/guest/direct-org?org=MU_graneros
06,Libertador General Bernardo O'Higgins,Las Cabras,las-cabras,https://www.municipalidadlas-cabras.cl,https://www.portaltransparencia.cl/PortalPdT/web/guest/direct-org?org=MU_las-cabras
06,Libertador General Bernardo O'Higgins,Machalí,machali,https://www.municipalidadmachali.cl,https://www.portaltransparencia.cl/PortalPdT/web/guest/direct-org?org=MU_machali
06,Libertador General Bernardo O'Higgins,Malloa,malloa,https://www.municipalidadmalloa.cl,https://www.portaltransparencia.cl/PortalPdT/web/guest/direct-org?org=MU_malloa
06,Libertador General Bernardo O'Higgins,Mostazal,mostazal,https://www.municipalidadmostazal.cl,https://www.portaltransparencia.cl/PortalPdT/web/guest/direct-org?org=MU_mostazal
06,Libertador General Bernardo O'Higgins,Olivar,olivar,https://www.municipalidadolivar.cl,https://www.portaltransparencia.cl/PortalPdT/web/guest/direct-org?org=MU_olivar
06,Libertador General Bernardo O'Higgins,Peumo,peumo,https://www.municipalidadpeumo.cl,https://www.portaltransparencia.cl/PortalPdT/web/guest/direct-org?org=MU_peumo
06,Libertador General Bernardo O'Higgins,Pichidegua,pichidegua,https://www.municipalidadpichidegua.cl,https://www.portaltransparencia.cl/PortalPdT/web/guest/direct-org?org=MU_pichidegua
06,Libertador General Bernardo O'Higgins,Quinta de Tilcoco,quinta-de-tilcoco,https://www.municipalidadquinta-de-tilcoco.cl,https://www.portaltransparencia.cl/PortalPdT/web/guest/direct-org?org=MU_quinta-de-tilcoco
06,Libertador General Bernardo O'Higgins,Rengo,rengo,https://www.municipalidadrengo.cl,https://www.portaltransparencia.cl/PortalPdT/web/guest/direct-org?org=MU_rengo
06,Libertador General Bernardo O'Higgins,Requínoa,requinoa,https://www.municipalidadrequinoa.cl,https://www.portaltransparencia.cl/PortalPdT/web/guest/direct-org?org=MU_requinoa
06,Libertador General Bernardo O'Higgins,San Vicente,san-vicente,https://www.municipalidadsan-vicente.cl,https://www.portaltransparencia.cl/PortalPdT/web/guest/direct-org?org=MU_san-vicente
06,Libertador General Bernardo O'Higgins,Pichilemu,pichilemu,https://www.municipalidadpichilemu.cl,https://www.portaltransparencia.cl/PortalPdT/web/guest/direct-org?org=MU_pichilemu
06,Libertador General Bernardo O'Higgins,La Estrella,la-estrella,https://www.municipalidadla-estrella.cl,https://www.portaltransparencia.cl/PortalPdT/web/guest/direct-org?org=MU_la-estrella
06,Libertador General Bernardo O'Higgins,Litueche,litueche,https://www.municipalidadlitueche.cl,https://www.portaltransparencia.cl/PortalPdT/web/guest/direct-org?org=MU_litueche
06,Libertador General Bernardo O'Higgins,Marchihue,marchihue,https://www.municipalidadmarchihue.cl,https://www.portaltransparencia.cl/PortalPdT/web/guest/direct-org?org=MU_marchihue
06,Libertador General Bernardo O'Higgins,Navidad,navidad,https://www.municipalidadnavidad.cl,https://www.portaltransparencia.cl/PortalPdT/web/guest/direct-org?org=MU_navidad
06,Libertador General Bernardo O'Higgins,Paredones,paredones,https://www.municipalidadparedones.cl,https://www.portaltransparencia.cl/PortalPdT/web/guest/direct-org?org=MU_paredones
06,Libertador General Bernardo O'Higgins,San Fernando,san-fernando,https://www.municipalidadsan-fernando.cl,https://www.portaltransparencia.cl/PortalPdT/web/guest/direct-org?org=MU_san-fernando
06,Libertador General Bernardo O'Higgins,Chépica,chepica,https://www.municipalidadchepica.cl,https://www.portaltransparencia.cl/PortalPdT/web/guest/direct-org?org=MU_chepica
06,Libertador General Bernardo O'Higgins,Chimbarongo,chimbarongo,https://www.municipalidadchimbarongo.cl,https://www.portaltransparencia.cl/PortalPdT/web/guest/direct-org?org=MU_chimbarongo
06,Libertador General Bernardo O'Higgins,Lolol,lolol,https://www.municipalidadlolol.cl,https://www.portaltransparencia.cl/PortalPdT/web/guest/direct-org?org=MU_lolol
06,Libertador General Bernardo O'Higgins,Nancagua,nancagua,https://www.municipalidadnancagua.cl,https://www.portaltransparencia.cl/PortalPdT/web/guest/direct-org?org=MU_nancagua
06,Libertador General Bernardo O'Higgins,Palmilla,palmilla,https://www.municipalidadpalmilla.cl,https://www.portaltransparencia.cl/PortalPdT/web/guest/direct-org?org=MU_palmilla
06,Libertador General Bernardo O'Higgins,Peralillo,peralillo,https://www.municipalidadperalillo.cl,https://www.portaltransparencia.cl/PortalPdT/web/guest/direct-org?org=MU_peralillo
06,Libertador General Bernardo O'Higgins,Placilla,placilla,https://www.municipalidadplacilla.cl,https://www.portaltransparencia.cl/PortalPdT/web/guest/direct-org?org=MU_placilla
06,Libertador General Bernardo O'Higgins,Pumanque,pumanque,https://www.municipalidadpumanque.cl,https://www.portaltransparencia.cl/PortalPdT/web/guest/direct-org?org=MU_pumanque
06,Libertador General Bernardo O'Higgins,Santa Cruz,santa-cruz,https://www.municipalidadsanta-cruz.cl,https://www.portaltransparencia.cl/PortalPdT/web/guest/direct-org?org=MU_santa-cruz
07,Maule,Talca,talca,https://www.municipalidadtalca.cl,https://www.portaltransparencia.cl/PortalPdT/web/guest/direct-org?org=MU_talca
07,Maule,Constitución,constitucion,https://www.municipalidadconstitucion.cl,https://www.portaltransparencia.cl/PortalPdT/web/guest/direct-org?org=MU_constitucion
07,Maule,Curepto,curepto,https://www.municipalidadcurepto.cl,https://www.portaltransparencia.cl/PortalPdT/web/guest/direct-org?org=MU_curepto
07,Maule,Empedrado,empedrado,https://www.municipalidadempedrado.cl,https://www.portaltransparencia.cl/PortalPdT/web/guest/direct-org?org=MU_empedrado
07,Maule,Maule,maule,https://www.municipalidadmaule.cl,https://www.portaltransparencia.cl/PortalPdT/web/guest/direct-org?org=MU_maule
07,Maule,Pelarco,pelarco,https://www.municipalidadpelarco.cl,https://www.portaltransparencia.cl/PortalPdT/web/guest/direct-org?org=MU_pelarco
07,Maule,Pencahue,pencahue,https://www.municipalidadpencahue.cl,https://www.portaltransparencia.cl/PortalPdT/web/guest/direct-org?org=MU_pencahue
07,Maule,Río Claro,rio-claro,https://www.municipalidadrio-claro.cl,https://www.portaltransparencia.cl/PortalPdT/web/guest/direct-org?org=MU_rio-claro
07,Maule,San Clemente,san-clemente,https://www.municipalidadsan-clemente.cl,https://www.portaltransparencia.cl/PortalPdT/web/guest/direct-org?org=MU_san-clemente
07,Maule,San Rafael,san-rafael,https://www.municipalidadsan-rafael.cl,https://www.portaltransparencia.cl/PortalPdT/web/guest/direct-org?org=MU_san-rafael
07,Maule,Cauquenes,cauquenes,https://www.municipalidadcauquenes.cl,https://www.portaltransparencia.cl/PortalPdT/web/guest/direct-org?org=MU_cauquenes
07,Maule,Chanco,chanco,https://www.municipalidadchanco.cl,https://www.portaltransparencia.cl/PortalPdT/web/guest/direct-org?org=MU_chanco
07,Maule,Pelluhue,pelluhue,https://www.municipalidadpelluhue.cl,https://www.portaltransparencia.cl/PortalPdT/web/guest/direct-org?org=MU_pelluhue
07,Maule,Curicó,curico,https://www.municipalidadcurico.cl,https://www.portaltransparencia.cl/PortalPdT/web/guest/direct-org?org=MU_curico
07,Maule,Hualañé,hualane,https://www.municipalidadhualane.cl,https://www.portaltransparencia.cl/PortalPdT/web/guest/direct-org?org=MU_hualane
07,Maule,Licantén,licanten,https://www.municipalidadlicanten.cl,https://www.portaltransparencia.cl/PortalPdT/web/guest/direct-org?org=MU_licanten
07,Maule,Molina,molina,https://www.municipalidadmolina.cl,https://www.portaltransparencia.cl/PortalPdT/web/guest/direct-org?org=MU_molina
07,Maule,Rauco,rauco,https://www.municipalidadrauco.cl,https://www.portaltransparencia.cl/PortalPdT/web/guest/direct-org?org=MU_rauco
07,Maule,Romeral,romeral,https://www.municipalidadromeral.cl,https://www.portaltransparencia.cl/PortalPdT/web/guest/direct-org?org=MU_romeral
07,Maule,Sagrada Familia,sagrada-familia,https://www.municipalidadsagrada-familia.cl,https://www.portaltransparencia.cl/PortalPdT/web/guest/direct-org?org=MU_sagrada-familia
07,Maule,Teno,teno,https://www.municipalidadteno.cl,https://www.portaltransparencia.cl/PortalPdT/web/guest/direct-org?org=MU_teno
07,Maule,Vichuquén,vichuquen,https://www.municipalidadvichuquen.cl,https://www.portaltransparencia.cl/PortalPdT/web/guest/direct-org?org=MU_vichuquen
07,Maule,Linares,linares,https://www.municipalidadlinares.cl,https://www.portaltransparencia.cl/PortalPdT/web/guest/direct-org?org=MU_linares
07,Maule,Colbún,colbun,https://www.municipalidadcolbun.cl,https://www.portaltransparencia.cl/PortalPdT/web/guest/direct-org?org=MU_colbun
07,Maule,Longaví,longavi,https://www.municipalidadlongavi.cl,https://www.portaltransparencia.cl/PortalPdT/web/guest/direct-org?org=MU_longavi
07,Maule,Parral,parral,https://www.municipalidadparral.cl,https://www.portaltransparencia.cl/PortalPdT/web/guest/direct-org?org=MU_parral
07,Maule,Retiro,retiro,https://www.municipalidadretiro.cl,https://www.portaltransparencia.cl/PortalPdT/web/guest/direct-org?org=MU_retiro
07,Maule,San Javier,san-javier,https://www.municipalidadsan-javier.cl,https://www.portaltransparencia.cl/PortalPdT/web/guest/direct-org?org=MU_san-javier
07,Maule,Villa Alegre,villa-alegre,https://www.municipalidadvilla-alegre.cl,https://www.portaltransparencia.cl/PortalPdT/web/guest/direct-org?org=MU_villa-alegre
07,Maule,Yerbas Buenas,yerbas-buenas,https://www.municipalidadyerbas-buenas.cl,https://www.portaltransparencia.cl/PortalPdT/web/guest/direct-org?org=MU_yerbas-buenas
16,Ñuble,Chillán,chillan,https://www.municipalidadchillan.cl,https://www.portaltransparencia.cl/PortalPdT/web/guest/direct-org?org=MU_chillan
16,Ñuble,Bulnes,bulnes,https://www.municipalidadbulnes.cl,https://www.portaltransparencia.cl/PortalPdT/web/guest/direct-org?org=MU_bulnes
16,Ñuble,Cobquecura,cobquecura,https://www.municipalidadcobquecura.cl,https://www.portaltransparencia.cl/PortalPdT/web/guest/direct-org?org=MU_cobquecura
16,Ñuble,Coelemu,coelemu,https://www.municipalidadcoelemu.cl,https://www.portaltransparencia.cl/PortalPdT/web/guest/direct-org?org=MU_coelemu
16,Ñuble,Coihueco,coihueco,https://www.municipalidadcoihueco.cl,https://www.portaltransparencia.cl/PortalPdT/web/guest/direct-org?org=MU_coihueco
16,Ñuble,Chillán Viejo,chillan-viejo,https://www.municipalidadchillan-viejo.cl,https://www.portaltransparencia.cl/PortalPdT/web/guest/direct-org?org=MU_chillan-viejo
16,Ñuble,El Carmen,el-carmen,https://www.municipalidadel-carmen.cl,https://www.portaltransparencia.cl/PortalPdT/web/guest/direct-org?org=MU_el-carmen
16,Ñuble,Ninhue,ninhue,https://www.municipalidadninhue.cl,https://www.portaltransparencia.cl/PortalPdT/web/guest/direct-org?org=MU_ninhue
16,Ñuble,Ñiquén,niquen,https://www.municipalidadniquen.cl,https://www.portaltransparencia.cl/PortalPdT/web/guest/direct-org?org=MU_niquen
16,Ñuble,Pemuco,pemuco,https://www.municipalidadpemuco.cl,https://www.portaltransparencia.cl/PortalPdT/web/guest/direct-org?org=MU_pemuco
16,Ñuble,Pinto,pinto,https://www.municipalidadpinto.cl,https://www.portaltransparencia.cl/PortalPdT/web/guest/direct-org?org=MU_pinto
16,Ñuble,Portezuelo,portezuelo,https://www.municipalidadportezuelo.cl,https://www.portaltransparencia.cl/PortalPdT/web/guest/direct-org?org=MU_portezuelo
16,Ñuble,Quillón,quillon,https://www.municipalidadquillon.cl,https://www.portaltransparencia.cl/PortalPdT/web/guest/direct-org?org=MU_quillon
16,Ñuble,Quirihue,quirihue,https://www.municipalidadquirihue.cl,https://www.portaltransparencia.cl/PortalPdT/web/guest/direct-org?org=MU_quirihue
16,Ñuble,Ránquil,ranquil,https://www.municipalidadranquil.cl,https://www.portaltransparencia.cl/PortalPdT/web/guest/direct-org?org=MU_ranquil
16,Ñuble,San Carlos,san-carlos,https://www.municipalidadsan-carlos.cl,https://www.portaltransparencia.cl/PortalPdT/web/guest/direct-org?org=MU_san-carlos
16,Ñuble,San Fabián,san-fabian,https://www.municipalidadsan-fabian.cl,https://www.portaltransparencia.cl/PortalPdT/web/guest/direct-org?org=MU_san-fabian
16,Ñuble,San Ignacio,san-ignacio,https://www.municipalidadsan-ignacio.cl,https://www.portaltransparencia.cl/PortalPdT/web/guest/direct-org?org=MU_san-ignacio
16,Ñuble,San Nicolás,san-nicolas,https://www.municipalidadsan-nicolas.cl,https://www.portaltransparencia.cl/PortalPdT/web/guest/direct-org?org=MU_san-nicolas
16,Ñuble,Treguaco,treguaco,https://www.municipalidadtreguaco.cl,https://www.portaltransparencia.cl/PortalPdT/web/guest/direct-org?org=MU_treguaco
16,Ñuble,Yungay,yungay,https://www.municipalidadyungay.cl,https://www.portaltransparencia.cl/PortalPdT/web/guest/direct-org?org=MU_yungay
08,Biobío,Concepción,concepcion,https://www.municipalidadconcepcion.cl,https://www.portaltransparencia.cl/PortalPdT/web/guest/direct-org?org=MU_concepcion
08,Biobío,Coronel,coronel,https://www.municipalidadcoronel.cl,https://www.portaltransparencia.cl/PortalPdT/web/guest/direct-org?org=MU_coronel
08,Biobío,Chiguayante,chiguayante,https://www.municipalidadchiguayante.cl,https://www.portaltransparencia.cl/PortalPdT/web/guest/direct-org?org=MU_chiguayante
08,Biobío,Florida,florida,https://www.municipalidadflorida.cl,https://www.portaltransparencia.cl/PortalPdT/web/guest/direct-org?org=MU_florida
08,Biobío,Hualqui,hualqui,https://www.municipalidadhualqui.cl,https://www.portaltransparencia.cl/PortalPdT/web/guest/direct-org?org=MU_hualqui
08,Biobío,Lota,lota,https://www.municipalidadlota.cl,https://www.portaltransparencia.cl/PortalPdT/web/guest/direct-org?org=MU_lota
08,Biobío,Penco,penco,https://www.municipalidadpenco.cl,https://www.portaltransparencia.cl/PortalPdT/web/guest/direct-org?org=MU_penco
08,Biobío,San Pedro de la Paz,san-pedro-de-la-paz,https://www.municipalidadsan-pedro-de-la-paz.cl,https://www.portaltransparencia.cl/PortalPdT/web/guest/direct-org?org=MU_san-pedro-de-la-paz
08,Biobío,Santa Juana,santa-juana,https://www.municipalidadsanta-juana.cl,https://www.portaltransparencia.cl/PortalPdT/web/guest/direct-org?org=MU_santa-juana
08,Biobío,Talcahuano,talcahuano,https://www.municipalidadtalcahuano.cl,https://www.portaltransparencia.cl/PortalPdT/web/guest/direct-org?org=MU_talcahuano
08,Biobío,Tomé,tome,https://www.municipalidadtome.cl,https://www.portaltransparencia.cl/PortalPdT/web/guest/direct-org?org=MU_tome
08,Biobío,Hualpén,hualpen,https://www.municipalidadhualpen.cl,https://www.portaltransparencia.cl/PortalPdT/web/guest/direct-org?org=MU_hualpen
08,Biobío,Lebu,lebu,https://www.municipalidadlebu.cl,https://www.portaltransparencia.cl/PortalPdT/web/guest/direct-org?org=MU_lebu
08,Biobío,Arauco,arauco,https://www.municipalidadarauco.cl,https://www.portaltransparencia.cl/PortalPdT/web/guest/direct-org?org=MU_arauco
08,Biobío,Cañete,canete,https://www.municipalidadcanete.cl,https://www.portaltransparencia.cl/PortalPdT/web/guest/direct-org?org=MU_canete
08,Biobío,Contulmo,contulmo,https://www.municipalidadcontulmo.cl,https://www.portaltransparencia.cl/PortalPdT/web/guest/direct-org?org=MU_contulmo
08,Biobío,Curanilahue,curanilahue,https://www.municipalidadcuranilahue.cl,https://www.portaltransparencia.cl/PortalPdT/web/guest/direct-org?org=MU_curanilahue
08,Biobío,Los Álamos,los-alamos,https://www.municipalidadlos-alamos.cl,https://www.portaltransparencia.cl/PortalPdT/web/guest/direct-org?org=MU_los-alamos
08,Biobío,Tirúa,tirua,https://www.municipalidadtirua.cl,https://www.portaltransparencia.cl/PortalPdT/web/guest/direct-org?org=MU_tirua
08,Biobío,Los Ángeles,los-angeles,https://www.municipalidadlos-angeles.cl,https://www.portaltransparencia.cl/PortalPdT/web/guest/direct-org?org=MU_los-angeles
08,Biobío,Antuco,antuco,https://www.municipalidadantuco.cl,https://www.portaltransparencia.cl/PortalPdT/web/guest/direct-org?org=MU_antuco
08,Biobío,Cabrero,cabrero,https://www.municipalidadcabrero.cl,https://www.portaltransparencia.cl/PortalPdT/web/guest/direct-org?org=MU_cabrero
08,Biobío,Laja,laja,https://www.municipalidadlaja.cl,https://www.portaltransparencia.cl/PortalPdT/web/guest/direct-org?org=MU_laja
08,Biobío,Mulchén,mulchen,https://www.municipalidadmulchen.cl,https://www.portaltransparencia.cl/PortalPdT/web/guest/direct-org?org=MU_mulchen
08,Biobío,Nacimiento,nacimiento,https://www.municipalidadnacimiento.cl,https://www.portaltransparencia.cl/PortalPdT/web/guest/direct-org?org=MU_nacimiento
08,Biobío,Negrete,negrete,https://www.municipalidadnegrete.cl,https://www.portaltransparencia.cl/PortalPdT/web/guest/direct-org?org=MU_negrete
08,Biobío,Quilaco,quilaco,https://www.municipalidadquilaco.cl,https://www.portaltransparencia.cl/PortalPdT/web/guest/direct-org?org=MU_quilaco
08,Biobío,Quilleco,quilleco,https://www.municipalidadquilleco.cl,https://www.portaltransparencia.cl/PortalPdT/web/guest/direct-org?org=MU_quilleco
08,Biobío,San Rosendo,san-rosendo,https://www.municipalidadsan-rosendo.cl,https://www.portaltransparencia.cl/PortalPdT/web/guest/direct-org?org=MU_san-rosendo
08,Biobío,Santa Bárbara,santa-barbara,https://www.municipalidadsanta-barbara.cl,https://www.portaltransparencia.cl/PortalPdT/web/guest/direct-org?org=MU_santa-barbara
08,Biobío,Tucapel,tucapel,https://www.municipalidadtucapel.cl,https://www.portaltransparencia.cl/PortalPdT/web/guest/direct-org?org=MU_tucapel
08,Biobío,Yumbel,yumbel,https://www.municipalidadyumbel.cl,https://www.portaltransparencia.cl/PortalPdT/web/guest/direct-org?org=MU_yumbel
08,Biobío,Alto Biobío,alto-biobio,https://www.municipalidadalto-biobio.cl,https://www.portaltransparencia.cl/PortalPdT/web/guest/direct-org?org=MU_alto-biobio
09,La Araucanía,Temuco,temuco,https://www.municipalidadtemuco.cl,https://www.portaltransparencia.cl/PortalPdT/web/guest/direct-org?org=MU_temuco
09,La Araucanía,Carahue,carahue,https://www.municipalidadcarahue.cl,https://www.portaltransparencia.cl/PortalPdT/web/guest/direct-org?org=MU_carahue
09,La Araucanía,Cunco,cunco,https://www.municipalidadcunco.cl,https://www.portaltransparencia.cl/PortalPdT/web/guest/direct-org?org=MU_cunco
09,La Araucanía,Curarrehue,curarrehue,https://www.municipalidadcurarrehue.cl,https://www.portaltransparencia.cl/PortalPdT/web/guest/direct-org?org=MU_curarrehue
09,La Araucanía,Freire,freire,https://www.municipalidadfreire.cl,https://www.portaltransparencia.cl/PortalPdT/web/guest/direct-org?org=MU_freire
09,La Araucanía,Galvarino,galvarino,https://www.municipalidadgalvarino.cl,https://www.portaltransparencia.cl/PortalPdT/web/guest/direct-org?org=MU_galvarino
09,La Araucanía,Gorbea,gorbea,https://www.municipalidadgorbea.cl,https://www.portaltransparencia.cl/PortalPdT/web/guest/direct-org?org=MU_gorbea
09,La Araucanía,Lautaro,lautaro,https://www.municipalidadlautaro.cl,https://www.portaltransparencia.cl/PortalPdT/web/guest/direct-org?org=MU_lautaro
09,La Araucanía,Loncoche,loncoche,https://www.municipalidadloncoche.cl,https://www.portaltransparencia.cl/PortalPdT/web/guest/direct-org?org=MU_loncoche
09,La Araucanía,Melipeuco,melipeuco,https://www.municipalidadmelipeuco.cl,https://www.portaltransparencia.cl/PortalPdT/web/guest/direct-org?org=MU_melipeuco
09,La Araucanía,Nueva Imperial,nueva-imperial,https://www.municipalidadnueva-imperial.cl,https://www.portaltransparencia.cl/PortalPdT/web/guest/direct-org?org=MU_nueva-imperial
09,La Araucanía,Padre Las Casas,padre-las-casas,https://www.municipalidadpadre-las-casas.cl,https://www.portaltransparencia.cl/PortalPdT/web/guest/direct-org?org=MU_padre-las-casas
09,La Araucanía,Perquenco,perquenco,https://www.municipalidadperquenco.cl,https://www.portaltransparencia.cl/PortalPdT/web/guest/direct-org?org=MU_perquenco
09,La Araucanía,Pitrufquén,pitrufquen,https://www.municipalidadpitrufquen.cl,https://www.portaltransparencia.cl/PortalPdT/web/guest/direct-org?org=MU_pitrufquen
09,La Araucanía,Pucón,pucon,https://www.municipalidadpucon.cl,https://www.portaltransparencia.cl/PortalPdT/web/guest/direct-org?org=MU_pucon
09,La Araucanía,Saavedra,saavedra,https://www.municipalidadsaavedra.cl,https://www.portaltransparencia.cl/PortalPdT/web/guest/direct-org?org=MU_saavedra
09,La Araucanía,Teodoro Schmidt,teodoro-schmidt,https://www.municipalidadteodoro-schmidt.cl,https://www.portaltransparencia.cl/PortalPdT/web/guest/direct-org?org=MU_teodoro-schmidt
09,La Araucanía,Toltén,tolten,https://www.municipalidadtolten.cl,https://www.portaltransparencia.cl/PortalPdT/web/guest/direct-org?org=MU_tolten
09,La Araucanía,Vilcún,vilcun,https://www.municipalidadvilcun.cl,https://www.portaltransparencia.cl/PortalPdT/web/guest/direct-org?org=MU_vilcun
09,La Araucanía,Villarrica,villarrica,https://www.municipalidadvillarrica.cl,https://www.portaltransparencia.cl/PortalPdT/web/guest/direct-org?org=MU_villarrica
09,La Araucanía,Cholchol,cholchol,https://www.municipalidadcholchol.cl,https://www.portaltransparencia.cl/PortalPdT/web/guest/direct-org?org=MU_cholchol
09,La Araucanía,Angol,angol,https://www.municipalidadangol.cl,https://www.portaltransparencia.cl/PortalPdT/web/guest/direct-org?org=MU_angol
09,La Araucanía,Collipulli,collipulli,https://www.municipalidadcollipulli.cl,https://www.portaltransparencia.cl/PortalPdT/web/guest/direct-org?org=MU_collipulli
09,La Araucanía,Curacautín,curacautin,https://www.municipalidadcuracautin.cl,https://www.portaltransparencia.cl/PortalPdT/web/guest/direct-org?org=MU_curacautin
09,La Araucanía,Ercilla,ercilla,https://www.municipalidadercilla.cl,https://www.portaltransparencia.cl/PortalPdT/web/guest/direct-org?org=MU_ercilla
09,La Araucanía,Lonquimay,lonquimay,https://www.municipalidadlonquimay.cl,https://www.portaltransparencia.cl/PortalPdT/web/guest/direct-org?org=MU_lonquimay
09,La Araucanía,Los Sauces,los-sauces,https://www.municipalidadlos-sauces.cl,https://www.portaltransparencia.cl/PortalPdT/web/guest/direct-org?org=MU_los-sauces
09,La Araucanía,Lumaco,lumaco,https://www.municipalidadlumaco.cl,https://www.portaltransparencia.cl/PortalPdT/web/guest/direct-org?org=MU_lumaco
09,La Araucanía,Purén,puren,https://www.municipalidadpuren.cl,https://www.portaltransparencia.cl/PortalPdT/web/guest/direct-org?org=MU_puren
09,La Araucanía,Renaico,renaico,https://www.municipalidadrenaico.cl,https://www.portaltransparencia.cl/PortalPdT/web/guest/direct-org?org=MU_renaico
09,La Araucanía,Traiguén,traiguen,https://www.municipalidadtraiguen.cl,https://www.portaltransparencia.cl/PortalPdT/web/guest/direct-org?org=MU_traiguen
09,La Araucanía,Victoria,victoria,https://www.municipalidadvictoria.cl,https://www.portaltransparencia.cl/PortalPdT/web/guest/direct-org?org=MU_victoria
14,Los Ríos,Valdivia,valdivia,https://www.municipalidadvaldivia.cl,https://www.portaltransparencia.cl/PortalPdT/web/guest/direct-org?org=MU_valdivia
14,Los Ríos,Corral,corral,https://www.municipalidadcorral.cl,https://www.portaltransparencia.cl/PortalPdT/web/guest/direct-org?org=MU_corral
14,Los Ríos,Lanco,lanco,https://www.municipalidadlanco.cl,https://www.portaltransparencia.cl/PortalPdT/web/guest/direct-org?org=MU_lanco
14,Los Ríos,Los Lagos,los-lagos,https://www.municipalidadlos-lagos.cl,https://www.portaltransparencia.cl/PortalPdT/web/guest/direct-org?org=MU_los-lagos
14,Los Ríos,Máfil,mafil,https://www.municipalidadmafil.cl,https://www.portaltransparencia.cl/PortalPdT/web/guest/direct-org?org=MU_mafil
14,Los Ríos,Mariquina,mariquina,https://www.municipalidadmariquina.cl,https://www.portaltransparencia.cl/PortalPdT/web/guest/direct-org?org=MU_mariquina
14,Los Ríos,Paillaco,paillaco,https://www.municipalidadpaillaco.cl,https://www.portaltransparencia.cl/PortalPdT/web/guest/direct-org?org=MU_paillaco
14,Los Ríos,Panguipulli,panguipulli,https://www.municipalidadpanguipulli.cl,https://www.portaltransparencia.cl/PortalPdT/web/guest/direct-org?org=MU_panguipulli
14,Los Ríos,La Unión,la-union,https://www.municipalidadla-union.cl,https://www.portaltransparencia.cl/PortalPdT/web/guest/direct-org?org=MU_la-union
14,Los Ríos,Futrono,futrono,https://www.municipalidadfutrono.cl,https://www.portaltransparencia.cl/PortalPdT/web/guest/direct-org?org=MU_futrono
14,Los Ríos,Lago Ranco,lago-ranco,https://www.municipalidadlago-ranco.cl,https://www.portaltransparencia.cl/PortalPdT/web/guest/direct-org?org=MU_lago-ranco
14,Los Ríos,Río Bueno,rio-bueno,https://www.municipalidadrio-bueno.cl,https://www.portaltransparencia.cl/PortalPdT/web/guest/direct-org?org=MU_rio-bueno
10,Los Lagos,Puerto Montt,puerto-montt,https://www.municipalidadpuerto-montt.cl,https://www.portaltransparencia.cl/PortalPdT/web/guest/direct-org?org=MU_puerto-montt
10,Los Lagos,Calbuco,calbuco,https://www.municipalidadcalbuco.cl,https://www.portaltransparencia.cl/PortalPdT/web/guest/direct-org?org=MU_calbuco
10,Los Lagos,Cochamó,cochamo,https://www.municipalidadcochamo.cl,https://www.portaltransparencia.cl/PortalPdT/web/guest/direct-org?org=MU_cochamo
10,Los Lagos,Fresia,fresia,https://www.municipalidadfresia.cl,https://www.portaltransparencia.cl/PortalPdT/web/guest/direct-org?org=MU_fresia
10,Los Lagos,Frutillar,frutillar,https://www.municipalidadfrutillar.cl,https://www.portaltransparencia.cl/PortalPdT/web/guest/direct-org?org=MU_frutillar
10,Los Lagos,Los Muermos,los-muermos,https://www.municipalidadlos-muermos.cl,https://www.portaltransparencia.cl/PortalPdT/web/guest/direct-org?org=MU_los-muermos
10,Los Lagos,Llanquihue,llanquihue,https://www.municipalidadllanquihue.cl,https://www.portaltransparencia.cl/PortalPdT/web/guest/direct-org?org=MU_llanquihue
10,Los Lagos,Maullín,maullin,https://www.municipalidadmaullin.cl,https://www.portaltransparencia.cl/PortalPdT/web/guest/direct-org?org=MU_maullin
10,Los Lagos,Puerto Varas,puerto-varas,https://www.municipalidadpuerto-varas.cl,https://www.portaltransparencia.cl/PortalPdT/web/guest/direct-org?org=MU_puerto-varas
10,Los Lagos,Castro,castro,https://www.municipalidadcastro.cl,https://www.portaltransparencia.cl/PortalPdT/web/guest/direct-org?org=MU_castro
10,Los Lagos,Ancud,ancud,https://www.municipalidadancud.cl,https://www.portaltransparencia.cl/PortalPdT/web/guest/direct-org?org=MU_ancud
10,Los Lagos,Chonchi,chonchi,https://www.municipalidadchonchi.cl,https://www.portaltransparencia.cl/PortalPdT/web/guest/direct-org?org=MU_chonchi
10,Los Lagos,Curaco de Vélez,curaco-de-velez,https://www.municipalidadcuraco-de-velez.cl,https://www.portaltransparencia.cl/PortalPdT/web/guest/direct-org?org=MU_curaco-de-velez
10,Los Lagos,Dalcahue,dalcahue,https://www.municipalidaddalcahue.cl,https://www.portaltransparencia.cl/PortalPdT/web/guest/direct-org?org=MU_dalcahue
10,Los Lagos,Puqueldón,puqueldon,https://www.municipalidadpuqueldon.cl,https://www.portaltransparencia.cl/PortalPdT/web/guest/direct-org?org=MU_puqueldon
10,Los Lagos,Queilén,queilen,https://www.municipalidadqueilen.cl,https://www.portaltransparencia.cl/PortalPdT/web/guest/direct-org?org=MU_queilen
10,Los Lagos,Quellón,quellon,https://www.municipalidadquellon.cl,https://www.portaltransparencia.cl/PortalPdT/web/guest/direct-org?org=MU_quellon
10,Los Lagos,Quemchi,quemchi,https://www.municipalidadquemchi.cl,https://www.portaltransparencia.cl/PortalPdT/web/guest/direct-org?org=MU_quemchi
10,Los Lagos,Quinchao,quinchao,https://www.municipalidadquinchao.cl,https://www.portaltransparencia.cl/PortalPdT/web/guest/direct-org?org=MU_quinchao
10,Los Lagos,Osorno,osorno,https://www.municipalidadosorno.cl,https://www.portaltransparencia.cl/PortalPdT/web/guest/direct-org?org=MU_osorno
10,Los Lagos,Puerto Octay,puerto-octay,https://www.municipalidadpuerto-octay.cl,https://www.portaltransparencia.cl/PortalPdT/web/guest/direct-org?org=MU_puerto-octay
10,Los Lagos,Purranque,purranque,https://www.municipalidadpurranque.cl,https://www.portaltransparencia.cl/PortalPdT/web/guest/direct-org?org=MU_purranque
10,Los Lagos,Puyehue,puyehue,https://www.municipalidadpuyehue.cl,https://www.portaltransparencia.cl/PortalPdT/web/guest/direct-org?org=MU_puyehue
10,Los Lagos,Río Negro,rio-negro,https://www.municipalidadrio-negro.cl,https://www.portaltransparencia.cl/PortalPdT/web/guest/direct-org?org=MU_rio-negro
10,Los Lagos,San Juan de la Costa,san-juan-de-la-costa,https://www.municipalidadsan-juan-de-la-costa.cl,https://www.portaltransparencia.cl/PortalPdT/web/guest/direct-org?org=MU_san-juan-de-la-costa
10,Los Lagos,San Pablo,san-pablo,https://www.municipalidadsan-pablo.cl,https://www.portaltransparencia.cl/PortalPdT/web/guest/direct-org?org=MU_san-pablo
10,Los Lagos,Chaitén,chaiten,https://www.municipalidadchaiten.cl,https://www.portaltransparencia.cl/PortalPdT/web/guest/direct-org?org=MU_chaiten
10,Los Lagos,Futaleufú,futaleufu,https://www.municipalidadfutaleufu.cl,https://www.portaltransparencia.cl/PortalPdT/web/guest/direct-org?org=MU_futaleufu
10,Los Lagos,Hualaihué,hualaihue,https://www.municipalidadhualaihue.cl,https://www.portaltransparencia.cl/PortalPdT/web/guest/direct-org?org=MU_hualaihue
10,Los Lagos,Palena,palena,https://www.municipalidadpalena.cl,https://www.portaltransparencia.cl/PortalPdT/web/guest/direct-org?org=MU_palena
11,Aysén,Coyhaique,coyhaique,https://www.municipalidadcoyhaique.cl,https://www.portaltransparencia.cl/PortalPdT/web/guest/direct-org?org=MU_coyhaique
11,Aysén,Lago Verde,lago-verde,https://www.municipalidadlago-verde.cl,https://www.portaltransparencia.cl/PortalPdT/web/guest/direct-org?org=MU_lago-verde
11,Aysén,Aysén,aysen,https://www.municipalidadaysen.cl,https://www.portaltransparencia.cl/PortalPdT/web/guest/direct-org?org=MU_aysen
11,Aysén,Cisnes,cisnes,https://www.municipalidadcisnes.cl,https://www.portaltransparencia.cl/PortalPdT/web/guest/direct-org?org=MU_cisnes
11,Aysén,Guaitecas,guaitecas,https://www.municipalidadguaitecas.cl,https://www.portaltransparencia.cl/PortalPdT/web/guest/direct-org?org=MU_guaitecas
11,Aysén,Cochrane,cochrane,https://www.municipalidadcochrane.cl,https://www.portaltransparencia.cl/PortalPdT/web/guest/direct-org?org=MU_cochrane
11,Aysén,O'Higgins,ohiggins,https://www.municipalidadohiggins.cl,https://www.portaltransparencia.cl/PortalPdT/web/guest/direct-org?org=MU_ohiggins
11,Aysén,Tortel,tortel,https://www.municipalidadtortel.cl,https://www.portaltransparencia.cl/PortalPdT/web/guest/direct-org?org=MU_tortel
11,Aysén,Chile Chico,chile-chico,https://www.municipalidadchile-chico.cl,https://www.portaltransparencia.cl/PortalPdT/web/guest/direct-org?org=MU_chile-chico
11,Aysén,Río Ibáñez,rio-ibanez,https://www.municipalidadrio-ibanez.cl,https://www.portaltransparencia.cl/PortalPdT/web/guest/direct-org?org=MU_rio-ibanez
12,Magallanes y Antártica,Punta Arenas,punta-arenas,https://www.municipalidadpunta-arenas.cl,https://www.portaltransparencia.cl/PortalPdT/web/guest/direct-org?org=MU_punta-arenas
12,Magallanes y Antártica,Laguna Blanca,laguna-blanca,https://www.municipalidadlaguna-blanca.cl,https://www.portaltransparencia.cl/PortalPdT/web/guest/direct-org?org=MU_laguna-blanca
12,Magallanes y Antártica,Río Verde,rio-verde,https://www.municipalidadrio-verde.cl,https://www.portaltransparencia.cl/PortalPdT/web/guest/direct-org?org=MU_rio-verde
12,Magallanes y Antártica,San Gregorio,san-gregorio,https://www.municipalidadsan-gregorio.cl,https://www.portaltransparencia.cl/PortalPdT/web/guest/direct-org?org=MU_san-gregorio
12,Magallanes y Antártica,Cabo de Hornos,cabo-de-hornos,https://www.municipalidadcabo-de-hornos.cl,https://www.portaltransparencia.cl/PortalPdT/web/guest/direct-org?org=MU_cabo-de-hornos
12,Magallanes y Antártica,Antártica,antartica,https://www.municipalidadantartica.cl,https://www.portaltransparencia.cl/PortalPdT/web/guest/direct-org?org=MU_antartica
12,Magallanes y Antártica,Porvenir,porvenir,https://www.municipalidadporvenir.cl,https://www.portaltransparencia.cl/PortalPdT/web/guest/direct-org?org=MU_porvenir
12,Magallanes y Antártica,Primavera,primavera,https://www.municipalidadprimavera.cl,https://www.portaltransparencia.cl/PortalPdT/web/guest/direct-org?org=MU_primavera
12,Magallanes y Antártica,Timaukel,timaukel,https://www.municipalidadtimaukel.cl,https://www.portaltransparencia.cl/PortalPdT/web/guest/direct-org?org=MU_timaukel
12,Magallanes y Antártica,Natales,natales,https://www.municipalidadnatales.cl,https://www.portaltransparencia.cl/PortalPdT/web/guest/direct-org?org=MU_natales
12,Magallanes y Antártica,Torres del Paine,torres-del-paine,https://www.municipalidadtorres-del-paine.cl,https://www.portaltransparencia.cl/PortalPdT/web/guest/direct-org?org=MU_torres-del-paine
